-- MariaDB dump 10.17  Distrib 10.4.10-MariaDB, for osx10.14 (x86_64)
--
-- Host: localhost    Database: starter
-- ------------------------------------------------------
-- Server version	10.4.10-MariaDB

/*!40101 SET @OLD_CHARACTER_SET_CLIENT=@@CHARACTER_SET_CLIENT */;
/*!40101 SET @OLD_CHARACTER_SET_RESULTS=@@CHARACTER_SET_RESULTS */;
/*!40101 SET @OLD_COLLATION_CONNECTION=@@COLLATION_CONNECTION */;
/*!40101 SET NAMES utf8mb4 */;
/*!40103 SET @OLD_TIME_ZONE=@@TIME_ZONE */;
/*!40103 SET TIME_ZONE='+00:00' */;
/*!40014 SET @OLD_UNIQUE_CHECKS=@@UNIQUE_CHECKS, UNIQUE_CHECKS=0 */;
/*!40014 SET @OLD_FOREIGN_KEY_CHECKS=@@FOREIGN_KEY_CHECKS, FOREIGN_KEY_CHECKS=0 */;
/*!40101 SET @OLD_SQL_MODE=@@SQL_MODE, SQL_MODE='NO_AUTO_VALUE_ON_ZERO' */;
/*!40111 SET @OLD_SQL_NOTES=@@SQL_NOTES, SQL_NOTES=0 */;

--
-- Current Database: `starter`
--

CREATE DATABASE /*!32312 IF NOT EXISTS*/ `starter` /*!40100 DEFAULT CHARACTER SET utf8mb4 */;

USE `starter`;

--
-- Table structure for table `answer_i18ns`
--

DROP TABLE IF EXISTS `answer_i18ns`;
/*!40101 SET @saved_cs_client     = @@character_set_client */;
/*!40101 SET character_set_client = utf8 */;
CREATE TABLE `answer_i18ns` (
  `id` int(10) unsigned NOT NULL AUTO_INCREMENT,
  `created_at` datetime DEFAULT NULL,
  `updated_at` datetime DEFAULT NULL,
  `deleted_at` datetime DEFAULT NULL,
  `reference_id` int(20) DEFAULT NULL,
  `filed_name` varchar(20) DEFAULT NULL,
  `language` varchar(5) DEFAULT NULL,
  `value` text DEFAULT NULL,
  PRIMARY KEY (`id`),
  KEY `idx_answer_i18ns_deleted_at` (`deleted_at`)
) ENGINE=InnoDB DEFAULT CHARSET=utf8mb4;
/*!40101 SET character_set_client = @saved_cs_client */;

--
-- Dumping data for table `answer_i18ns`
--

LOCK TABLES `answer_i18ns` WRITE;
/*!40000 ALTER TABLE `answer_i18ns` DISABLE KEYS */;
/*!40000 ALTER TABLE `answer_i18ns` ENABLE KEYS */;
UNLOCK TABLES;

--
-- Table structure for table `answers`
--

DROP TABLE IF EXISTS `answers`;
/*!40101 SET @saved_cs_client     = @@character_set_client */;
/*!40101 SET character_set_client = utf8 */;
CREATE TABLE `answers` (
  `id` int(10) unsigned NOT NULL AUTO_INCREMENT,
  `created_at` datetime DEFAULT NULL,
  `updated_at` datetime DEFAULT NULL,
  `deleted_at` datetime DEFAULT NULL,
  `text` text DEFAULT NULL,
  `faq_id` int(11) DEFAULT NULL,
  PRIMARY KEY (`id`),
  KEY `idx_answers_deleted_at` (`deleted_at`)
) ENGINE=InnoDB DEFAULT CHARSET=utf8mb4;
/*!40101 SET character_set_client = @saved_cs_client */;

--
-- Dumping data for table `answers`
--

LOCK TABLES `answers` WRITE;
/*!40000 ALTER TABLE `answers` DISABLE KEYS */;
/*!40000 ALTER TABLE `answers` ENABLE KEYS */;
UNLOCK TABLES;

--
-- Table structure for table `categories`
--

DROP TABLE IF EXISTS `categories`;
/*!40101 SET @saved_cs_client     = @@character_set_client */;
/*!40101 SET character_set_client = utf8 */;
CREATE TABLE `categories` (
  `id` int(10) unsigned NOT NULL AUTO_INCREMENT,
  `created_at` datetime DEFAULT NULL,
  `updated_at` datetime DEFAULT NULL,
  `deleted_at` datetime DEFAULT NULL,
  `status` varchar(20) DEFAULT NULL,
  PRIMARY KEY (`id`),
  KEY `idx_categories_deleted_at` (`deleted_at`)
) ENGINE=InnoDB AUTO_INCREMENT=11 DEFAULT CHARSET=utf8mb4;
/*!40101 SET character_set_client = @saved_cs_client */;

--
-- Dumping data for table `categories`
--

LOCK TABLES `categories` WRITE;
/*!40000 ALTER TABLE `categories` DISABLE KEYS */;
INSERT INTO `categories` VALUES (1,'2020-04-02 13:25:07','2020-04-02 13:25:07',NULL,'activate'),(2,'2020-04-02 13:25:07','2020-04-02 13:25:07',NULL,'activate'),(3,'2020-04-02 13:25:07','2020-04-02 13:25:07',NULL,'activate'),(4,'2020-04-02 13:25:08','2020-04-02 13:25:08',NULL,'activate'),(5,'2020-04-02 13:25:08','2020-04-02 13:25:08',NULL,'activate'),(6,'2020-04-02 13:25:08','2020-04-02 13:25:08',NULL,'activate'),(7,'2020-04-02 13:25:08','2020-04-02 13:25:08',NULL,'activate'),(8,'2020-04-02 13:25:08','2020-04-02 13:25:08',NULL,'activate'),(9,'2020-04-02 13:25:08','2020-04-02 13:25:08',NULL,'activate'),(10,'2020-04-02 13:25:08','2020-04-02 13:25:08',NULL,'activate');
/*!40000 ALTER TABLE `categories` ENABLE KEYS */;
UNLOCK TABLES;

--
-- Table structure for table `category_i18ns`
--

DROP TABLE IF EXISTS `category_i18ns`;
/*!40101 SET @saved_cs_client     = @@character_set_client */;
/*!40101 SET character_set_client = utf8 */;
CREATE TABLE `category_i18ns` (
  `id` int(10) unsigned NOT NULL AUTO_INCREMENT,
  `created_at` datetime DEFAULT NULL,
  `updated_at` datetime DEFAULT NULL,
  `deleted_at` datetime DEFAULT NULL,
  `reference_id` int(20) DEFAULT NULL,
  `filed_name` varchar(20) DEFAULT NULL,
  `language` varchar(5) DEFAULT NULL,
  `value` text DEFAULT NULL,
  PRIMARY KEY (`id`),
  KEY `idx_category_i18ns_deleted_at` (`deleted_at`)
) ENGINE=InnoDB AUTO_INCREMENT=41 DEFAULT CHARSET=utf8mb4;
/*!40101 SET character_set_client = @saved_cs_client */;

--
-- Dumping data for table `category_i18ns`
--

LOCK TABLES `category_i18ns` WRITE;
/*!40000 ALTER TABLE `category_i18ns` DISABLE KEYS */;
INSERT INTO `category_i18ns` VALUES (1,'2020-04-02 13:25:07','2020-04-02 13:25:07',NULL,1,'name','ar','elliott_lindgrenar'),(2,'2020-04-02 13:25:07','2020-04-02 13:25:07',NULL,1,'description','ar','clinton_collinsar'),(3,'2020-04-02 13:25:07','2020-04-02 13:25:07',NULL,1,'name','en','danykaen'),(4,'2020-04-02 13:25:07','2020-04-02 13:25:07',NULL,1,'description','en','rahsaanen'),(5,'2020-04-02 13:25:07','2020-04-02 13:25:07',NULL,2,'name','ar','zionar'),(6,'2020-04-02 13:25:07','2020-04-02 13:25:07',NULL,2,'description','ar','irwin_erdmanar'),(7,'2020-04-02 13:25:07','2020-04-02 13:25:07',NULL,2,'name','en','jakeen'),(8,'2020-04-02 13:25:07','2020-04-02 13:25:07',NULL,2,'description','en','sylvan_skilesen'),(9,'2020-04-02 13:25:07','2020-04-02 13:25:07',NULL,3,'name','ar','tyrell.cartwrightar'),(10,'2020-04-02 13:25:08','2020-04-02 13:25:08',NULL,3,'description','ar','reina_larkinar'),(11,'2020-04-02 13:25:08','2020-04-02 13:25:08',NULL,3,'name','en','alexen'),(12,'2020-04-02 13:25:08','2020-04-02 13:25:08',NULL,3,'description','en','justus.schowalteren'),(13,'2020-04-02 13:25:08','2020-04-02 13:25:08',NULL,4,'name','ar','toby_koelpinar'),(14,'2020-04-02 13:25:08','2020-04-02 13:25:08',NULL,4,'description','ar','corrinear'),(15,'2020-04-02 13:25:08','2020-04-02 13:25:08',NULL,4,'name','en','marieen'),(16,'2020-04-02 13:25:08','2020-04-02 13:25:08',NULL,4,'description','en','patricken'),(17,'2020-04-02 13:25:08','2020-04-02 13:25:08',NULL,5,'name','en','sidneyen'),(18,'2020-04-02 13:25:08','2020-04-02 13:25:08',NULL,5,'description','en','hansen'),(19,'2020-04-02 13:25:08','2020-04-02 13:25:08',NULL,5,'name','ar','gilbert.schneiderar'),(20,'2020-04-02 13:25:08','2020-04-02 13:25:08',NULL,5,'description','ar','cortezar'),(21,'2020-04-02 13:25:08','2020-04-02 13:25:08',NULL,6,'name','ar','kayliear'),(22,'2020-04-02 13:25:08','2020-04-02 13:25:08',NULL,6,'description','ar','johathanar'),(23,'2020-04-02 13:25:08','2020-04-02 13:25:08',NULL,6,'name','en','merlen'),(24,'2020-04-02 13:25:08','2020-04-02 13:25:08',NULL,6,'description','en','antone.wildermanen'),(25,'2020-04-02 13:25:08','2020-04-02 13:25:08',NULL,7,'description','ar','gregorio.friesenar'),(26,'2020-04-02 13:25:08','2020-04-02 13:25:08',NULL,7,'name','ar','alessandro_gutkowskiar'),(27,'2020-04-02 13:25:08','2020-04-02 13:25:08',NULL,7,'name','en','thora.uptonen'),(28,'2020-04-02 13:25:08','2020-04-02 13:25:08',NULL,7,'description','en','filibertoen'),(29,'2020-04-02 13:25:08','2020-04-02 13:25:08',NULL,8,'name','ar','kiley_nikolausar'),(30,'2020-04-02 13:25:08','2020-04-02 13:25:08',NULL,8,'description','ar','sarahar'),(31,'2020-04-02 13:25:08','2020-04-02 13:25:08',NULL,8,'name','en','deionen'),(32,'2020-04-02 13:25:08','2020-04-02 13:25:08',NULL,8,'description','en','jailynen'),(33,'2020-04-02 13:25:08','2020-04-02 13:25:08',NULL,9,'name','ar','sheldonar'),(34,'2020-04-02 13:25:08','2020-04-02 13:25:08',NULL,9,'description','ar','reagan.trantowar'),(35,'2020-04-02 13:25:08','2020-04-02 13:25:08',NULL,9,'name','en','deionen'),(36,'2020-04-02 13:25:08','2020-04-02 13:25:08',NULL,9,'description','en','kevin_wilkinsonen'),(37,'2020-04-02 13:25:08','2020-04-02 13:25:08',NULL,10,'name','en','brown.mulleren'),(38,'2020-04-02 13:25:08','2020-04-02 13:25:08',NULL,10,'description','en','eldoraen'),(39,'2020-04-02 13:25:08','2020-04-02 13:25:08',NULL,10,'description','ar','jermaine.mullerar'),(40,'2020-04-02 13:25:08','2020-04-02 13:25:08',NULL,10,'name','ar','gersonar');
/*!40000 ALTER TABLE `category_i18ns` ENABLE KEYS */;
UNLOCK TABLES;

--
-- Table structure for table `faq_i18ns`
--

DROP TABLE IF EXISTS `faq_i18ns`;
/*!40101 SET @saved_cs_client     = @@character_set_client */;
/*!40101 SET character_set_client = utf8 */;
CREATE TABLE `faq_i18ns` (
  `id` int(10) unsigned NOT NULL AUTO_INCREMENT,
  `created_at` datetime DEFAULT NULL,
  `updated_at` datetime DEFAULT NULL,
  `deleted_at` datetime DEFAULT NULL,
  `reference_id` int(20) DEFAULT NULL,
  `filed_name` varchar(20) DEFAULT NULL,
  `language` varchar(5) DEFAULT NULL,
  `value` text DEFAULT NULL,
  PRIMARY KEY (`id`),
  KEY `idx_faq_i18ns_deleted_at` (`deleted_at`)
) ENGINE=InnoDB DEFAULT CHARSET=utf8mb4;
/*!40101 SET character_set_client = @saved_cs_client */;

--
-- Dumping data for table `faq_i18ns`
--

LOCK TABLES `faq_i18ns` WRITE;
/*!40000 ALTER TABLE `faq_i18ns` DISABLE KEYS */;
/*!40000 ALTER TABLE `faq_i18ns` ENABLE KEYS */;
UNLOCK TABLES;

--
-- Table structure for table `faqs`
--

DROP TABLE IF EXISTS `faqs`;
/*!40101 SET @saved_cs_client     = @@character_set_client */;
/*!40101 SET character_set_client = utf8 */;
CREATE TABLE `faqs` (
  `id` int(10) unsigned NOT NULL AUTO_INCREMENT,
  `created_at` datetime DEFAULT NULL,
  `updated_at` datetime DEFAULT NULL,
  `deleted_at` datetime DEFAULT NULL,
  `status` varchar(20) DEFAULT NULL,
  PRIMARY KEY (`id`),
  KEY `idx_faqs_deleted_at` (`deleted_at`)
) ENGINE=InnoDB DEFAULT CHARSET=utf8mb4;
/*!40101 SET character_set_client = @saved_cs_client */;

--
-- Dumping data for table `faqs`
--

LOCK TABLES `faqs` WRITE;
/*!40000 ALTER TABLE `faqs` DISABLE KEYS */;
/*!40000 ALTER TABLE `faqs` ENABLE KEYS */;
UNLOCK TABLES;

--
-- Table structure for table `page_i18ns`
--

DROP TABLE IF EXISTS `page_i18ns`;
/*!40101 SET @saved_cs_client     = @@character_set_client */;
/*!40101 SET character_set_client = utf8 */;
CREATE TABLE `page_i18ns` (
  `id` int(10) unsigned NOT NULL AUTO_INCREMENT,
  `created_at` datetime DEFAULT NULL,
  `updated_at` datetime DEFAULT NULL,
  `deleted_at` datetime DEFAULT NULL,
  `reference_id` int(20) DEFAULT NULL,
  `filed_name` varchar(20) DEFAULT NULL,
  `language` varchar(5) DEFAULT NULL,
  `value` text DEFAULT NULL,
  PRIMARY KEY (`id`),
  KEY `idx_page_i18ns_deleted_at` (`deleted_at`)
) ENGINE=InnoDB AUTO_INCREMENT=6 DEFAULT CHARSET=utf8mb4;
/*!40101 SET character_set_client = @saved_cs_client */;

--
-- Dumping data for table `page_i18ns`
--

LOCK TABLES `page_i18ns` WRITE;
/*!40000 ALTER TABLE `page_i18ns` DISABLE KEYS */;
INSERT INTO `page_i18ns` VALUES (1,'2020-04-02 13:25:11','2020-04-02 13:25:11',NULL,1,'','en','home'),(2,'2020-04-02 13:25:11','2020-04-02 13:25:11',NULL,2,'','en','about'),(3,'2020-04-02 13:25:11','2020-04-02 13:25:11',NULL,3,'','en','contact'),(4,'2020-04-02 13:25:11','2020-04-02 13:25:11',NULL,4,'','en','terms'),(5,'2020-04-02 13:25:11','2020-04-02 13:25:11',NULL,5,'','en','police');
/*!40000 ALTER TABLE `page_i18ns` ENABLE KEYS */;
UNLOCK TABLES;

--
-- Table structure for table `page_images`
--

DROP TABLE IF EXISTS `page_images`;
/*!40101 SET @saved_cs_client     = @@character_set_client */;
/*!40101 SET character_set_client = utf8 */;
CREATE TABLE `page_images` (
  `id` int(10) unsigned NOT NULL AUTO_INCREMENT,
  `created_at` datetime DEFAULT NULL,
  `updated_at` datetime DEFAULT NULL,
  `deleted_at` datetime DEFAULT NULL,
  `image` varchar(255) DEFAULT NULL,
  `page_id` int(11) DEFAULT NULL,
  PRIMARY KEY (`id`),
  KEY `idx_page_images_deleted_at` (`deleted_at`)
) ENGINE=InnoDB DEFAULT CHARSET=utf8mb4;
/*!40101 SET character_set_client = @saved_cs_client */;

--
-- Dumping data for table `page_images`
--

LOCK TABLES `page_images` WRITE;
/*!40000 ALTER TABLE `page_images` DISABLE KEYS */;
/*!40000 ALTER TABLE `page_images` ENABLE KEYS */;
UNLOCK TABLES;

--
-- Table structure for table `pages`
--

DROP TABLE IF EXISTS `pages`;
/*!40101 SET @saved_cs_client     = @@character_set_client */;
/*!40101 SET character_set_client = utf8 */;
CREATE TABLE `pages` (
  `id` int(10) unsigned NOT NULL AUTO_INCREMENT,
  `created_at` datetime DEFAULT NULL,
  `updated_at` datetime DEFAULT NULL,
  `deleted_at` datetime DEFAULT NULL,
  `status` varchar(20) DEFAULT NULL,
  `slug` varchar(20) DEFAULT NULL,
  PRIMARY KEY (`id`),
  KEY `idx_pages_deleted_at` (`deleted_at`)
) ENGINE=InnoDB AUTO_INCREMENT=6 DEFAULT CHARSET=utf8mb4;
/*!40101 SET character_set_client = @saved_cs_client */;

--
-- Dumping data for table `pages`
--

LOCK TABLES `pages` WRITE;
/*!40000 ALTER TABLE `pages` DISABLE KEYS */;
INSERT INTO `pages` VALUES (1,'2020-04-02 13:25:11','2020-04-02 13:25:11',NULL,'activate','home'),(2,'2020-04-02 13:25:11','2020-04-02 13:25:11',NULL,'activate','about'),(3,'2020-04-02 13:25:11','2020-04-02 13:25:11',NULL,'activate','contact'),(4,'2020-04-02 13:25:11','2020-04-02 13:25:11',NULL,'activate','terms'),(5,'2020-04-02 13:25:11','2020-04-02 13:25:11',NULL,'activate','police');
/*!40000 ALTER TABLE `pages` ENABLE KEYS */;
UNLOCK TABLES;

--
-- Table structure for table `permission_group_i18ns`
--

DROP TABLE IF EXISTS `permission_group_i18ns`;
/*!40101 SET @saved_cs_client     = @@character_set_client */;
/*!40101 SET character_set_client = utf8 */;
CREATE TABLE `permission_group_i18ns` (
  `id` int(10) unsigned NOT NULL AUTO_INCREMENT,
  `created_at` datetime DEFAULT NULL,
  `updated_at` datetime DEFAULT NULL,
  `deleted_at` datetime DEFAULT NULL,
  `reference_id` int(20) DEFAULT NULL,
  `filed_name` varchar(20) DEFAULT NULL,
  `language` varchar(5) DEFAULT NULL,
  `value` text DEFAULT NULL,
  PRIMARY KEY (`id`),
  KEY `idx_permission_group_i18ns_deleted_at` (`deleted_at`)
) ENGINE=InnoDB AUTO_INCREMENT=21 DEFAULT CHARSET=utf8mb4;
/*!40101 SET character_set_client = @saved_cs_client */;

--
-- Dumping data for table `permission_group_i18ns`
--

LOCK TABLES `permission_group_i18ns` WRITE;
/*!40000 ALTER TABLE `permission_group_i18ns` DISABLE KEYS */;
INSERT INTO `permission_group_i18ns` VALUES (1,'2020-04-02 13:25:08','2020-04-02 13:25:08',NULL,1,'name','ar','angelica.labadiear'),(2,'2020-04-02 13:25:08','2020-04-02 13:25:08',NULL,1,'name','en','emmalee_rutherforden'),(3,'2020-04-02 13:25:08','2020-04-02 13:25:08',NULL,2,'name','ar','kaia.zulaufar'),(4,'2020-04-02 13:25:08','2020-04-02 13:25:08',NULL,2,'name','en','ulises_hoegeren'),(5,'2020-04-02 13:25:08','2020-04-02 13:25:08',NULL,3,'name','ar','emiliaar'),(6,'2020-04-02 13:25:08','2020-04-02 13:25:08',NULL,3,'name','en','lucile_pacochaen'),(7,'2020-04-02 13:25:08','2020-04-02 13:25:08',NULL,4,'name','ar','howard_fisherar'),(8,'2020-04-02 13:25:08','2020-04-02 13:25:08',NULL,4,'name','en','vilmaen'),(9,'2020-04-02 13:25:08','2020-04-02 13:25:08',NULL,5,'name','ar','beaulahar'),(10,'2020-04-02 13:25:08','2020-04-02 13:25:08',NULL,5,'name','en','ericen'),(11,'2020-04-02 13:25:08','2020-04-02 13:25:08',NULL,6,'name','ar','brainar'),(12,'2020-04-02 13:25:08','2020-04-02 13:25:08',NULL,6,'name','en','shanaen'),(13,'2020-04-02 13:25:08','2020-04-02 13:25:08',NULL,7,'name','en','ashleyen'),(14,'2020-04-02 13:25:08','2020-04-02 13:25:08',NULL,7,'name','ar','rosemary_beckerar'),(15,'2020-04-02 13:25:08','2020-04-02 13:25:08',NULL,8,'name','ar','shawna.lednerar'),(16,'2020-04-02 13:25:08','2020-04-02 13:25:08',NULL,8,'name','en','elodyen'),(17,'2020-04-02 13:25:08','2020-04-02 13:25:08',NULL,9,'name','ar','shyannear'),(18,'2020-04-02 13:25:08','2020-04-02 13:25:08',NULL,9,'name','en','marieen'),(19,'2020-04-02 13:25:08','2020-04-02 13:25:08',NULL,10,'name','en','camilaen'),(20,'2020-04-02 13:25:08','2020-04-02 13:25:08',NULL,10,'name','ar','golda_turcottear');
/*!40000 ALTER TABLE `permission_group_i18ns` ENABLE KEYS */;
UNLOCK TABLES;

--
-- Table structure for table `permission_groups`
--

DROP TABLE IF EXISTS `permission_groups`;
/*!40101 SET @saved_cs_client     = @@character_set_client */;
/*!40101 SET character_set_client = utf8 */;
CREATE TABLE `permission_groups` (
  `id` int(10) unsigned NOT NULL AUTO_INCREMENT,
  `created_at` datetime DEFAULT NULL,
  `updated_at` datetime DEFAULT NULL,
  `deleted_at` datetime DEFAULT NULL,
  `status` varchar(20) DEFAULT NULL,
  PRIMARY KEY (`id`),
  KEY `idx_permission_groups_deleted_at` (`deleted_at`)
) ENGINE=InnoDB AUTO_INCREMENT=11 DEFAULT CHARSET=utf8mb4;
/*!40101 SET character_set_client = @saved_cs_client */;

--
-- Dumping data for table `permission_groups`
--

LOCK TABLES `permission_groups` WRITE;
/*!40000 ALTER TABLE `permission_groups` DISABLE KEYS */;
INSERT INTO `permission_groups` VALUES (1,'2020-04-02 13:25:08','2020-04-02 13:25:08',NULL,'activate'),(2,'2020-04-02 13:25:08','2020-04-02 13:25:08',NULL,'activate'),(3,'2020-04-02 13:25:08','2020-04-02 13:25:08',NULL,'activate'),(4,'2020-04-02 13:25:08','2020-04-02 13:25:08',NULL,'activate'),(5,'2020-04-02 13:25:08','2020-04-02 13:25:08',NULL,'activate'),(6,'2020-04-02 13:25:08','2020-04-02 13:25:08',NULL,'activate'),(7,'2020-04-02 13:25:08','2020-04-02 13:25:08',NULL,'activate'),(8,'2020-04-02 13:25:08','2020-04-02 13:25:08',NULL,'activate'),(9,'2020-04-02 13:25:08','2020-04-02 13:25:08',NULL,'activate'),(10,'2020-04-02 13:25:08','2020-04-02 13:25:08',NULL,'activate');
/*!40000 ALTER TABLE `permission_groups` ENABLE KEYS */;
UNLOCK TABLES;

--
-- Table structure for table `roles`
--

DROP TABLE IF EXISTS `roles`;
/*!40101 SET @saved_cs_client     = @@character_set_client */;
/*!40101 SET character_set_client = utf8 */;
CREATE TABLE `roles` (
  `id` int(10) unsigned NOT NULL AUTO_INCREMENT,
  `created_at` datetime DEFAULT NULL,
  `updated_at` datetime DEFAULT NULL,
  `deleted_at` datetime DEFAULT NULL,
  `func_name` varchar(50) DEFAULT NULL,
  `permission_group_id` int(11) DEFAULT NULL,
  `module` varchar(255) DEFAULT NULL,
  `slug` varchar(255) DEFAULT NULL,
  PRIMARY KEY (`id`),
  KEY `idx_roles_deleted_at` (`deleted_at`)
) ENGINE=InnoDB AUTO_INCREMENT=871 DEFAULT CHARSET=utf8mb4;
/*!40101 SET character_set_client = @saved_cs_client */;

--
-- Dumping data for table `roles`
--

LOCK TABLES `roles` WRITE;
/*!40000 ALTER TABLE `roles` DISABLE KEYS */;
INSERT INTO `roles` VALUES (1,'2020-04-02 13:25:11','2020-04-02 13:25:11',NULL,'Index',1,'categories','index'),(2,'2020-04-02 13:25:11','2020-04-02 13:25:11',NULL,'Show',1,'categories','index'),(3,'2020-04-02 13:25:11','2020-04-02 13:25:11',NULL,'Status',1,'categories','index'),(4,'2020-04-02 13:25:11','2020-04-02 13:25:11',NULL,'GetAllCategories',1,'categories','index'),(5,'2020-04-02 13:25:11','2020-04-02 13:25:11',NULL,'Store',1,'categories','store'),(6,'2020-04-02 13:25:11','2020-04-02 13:25:11',NULL,'Update',1,'categories','update'),(7,'2020-04-02 13:25:11','2020-04-02 13:25:11',NULL,'QuickEdit',1,'categories','update'),(8,'2020-04-02 13:25:11','2020-04-02 13:25:11',NULL,'Active',1,'categories','update'),(9,'2020-04-02 13:25:11','2020-04-02 13:25:11',NULL,'DeActive',1,'categories','update'),(10,'2020-04-02 13:25:11','2020-04-02 13:25:11',NULL,'Trash',1,'categories','update'),(11,'2020-04-02 13:25:11','2020-04-02 13:25:11',NULL,'BulkActive',1,'categories','update'),(12,'2020-04-02 13:25:11','2020-04-02 13:25:11',NULL,'BulkDeActive',1,'categories','update'),(13,'2020-04-02 13:25:11','2020-04-02 13:25:11',NULL,'BulkTrash',1,'categories','update'),(14,'2020-04-02 13:25:11','2020-04-02 13:25:11',NULL,'Delete',1,'categories','delete'),(15,'2020-04-02 13:25:11','2020-04-02 13:25:11',NULL,'BulkDelete',1,'categories','delete'),(16,'2020-04-02 13:25:11','2020-04-02 13:25:11',NULL,'Store',1,'faqs','store'),(17,'2020-04-02 13:25:11','2020-04-02 13:25:11',NULL,'StoreFaqWithAnswers',1,'faqs','store'),(18,'2020-04-02 13:25:11','2020-04-02 13:25:11',NULL,'Update',1,'faqs','update'),(19,'2020-04-02 13:25:11','2020-04-02 13:25:11',NULL,'UpdateFaqWithAnswers',1,'faqs','update'),(20,'2020-04-02 13:25:11','2020-04-02 13:25:11',NULL,'QuickEdit',1,'faqs','update'),(21,'2020-04-02 13:25:11','2020-04-02 13:25:11',NULL,'Active',1,'faqs','update'),(22,'2020-04-02 13:25:11','2020-04-02 13:25:11',NULL,'DeActive',1,'faqs','update'),(23,'2020-04-02 13:25:11','2020-04-02 13:25:11',NULL,'Trash',1,'faqs','update'),(24,'2020-04-02 13:25:11','2020-04-02 13:25:11',NULL,'BulkActive',1,'faqs','update'),(25,'2020-04-02 13:25:11','2020-04-02 13:25:11',NULL,'BulkDeActive',1,'faqs','update'),(26,'2020-04-02 13:25:11','2020-04-02 13:25:11',NULL,'BulkTrash',1,'faqs','update'),(27,'2020-04-02 13:25:11','2020-04-02 13:25:11',NULL,'Delete',1,'faqs','delete'),(28,'2020-04-02 13:25:11','2020-04-02 13:25:11',NULL,'BulkDelete',1,'faqs','delete'),(29,'2020-04-02 13:25:11','2020-04-02 13:25:11',NULL,'Index',1,'faqs','index'),(30,'2020-04-02 13:25:11','2020-04-02 13:25:11',NULL,'Show',1,'faqs','index'),(31,'2020-04-02 13:25:11','2020-04-02 13:25:11',NULL,'ShowFaq',1,'faqs','index'),(32,'2020-04-02 13:25:11','2020-04-02 13:25:11',NULL,'Status',1,'faqs','index'),(33,'2020-04-02 13:25:11','2020-04-02 13:25:11',NULL,'GetAllFaqs',1,'faqs','index'),(34,'2020-04-02 13:25:11','2020-04-02 13:25:11',NULL,'Store',1,'images','store'),(35,'2020-04-02 13:25:11','2020-04-02 13:25:11',NULL,'Delete',1,'images','delete'),(36,'2020-04-02 13:25:11','2020-04-02 13:25:11',NULL,'Index',1,'pages','index'),(37,'2020-04-02 13:25:11','2020-04-02 13:25:11',NULL,'Show',1,'pages','index'),(38,'2020-04-02 13:25:11','2020-04-02 13:25:11',NULL,'Status',1,'pages','index'),(39,'2020-04-02 13:25:11','2020-04-02 13:25:11',NULL,'GetAllPages',1,'pages','index'),(40,'2020-04-02 13:25:11','2020-04-02 13:25:11',NULL,'Store',1,'pages','store'),(41,'2020-04-02 13:25:11','2020-04-02 13:25:11',NULL,'Update',1,'pages','update'),(42,'2020-04-02 13:25:11','2020-04-02 13:25:11',NULL,'QuickEdit',1,'pages','update'),(43,'2020-04-02 13:25:11','2020-04-02 13:25:11',NULL,'Active',1,'pages','update'),(44,'2020-04-02 13:25:11','2020-04-02 13:25:11',NULL,'DeActive',1,'pages','update'),(45,'2020-04-02 13:25:11','2020-04-02 13:25:11',NULL,'Trash',1,'pages','update'),(46,'2020-04-02 13:25:11','2020-04-02 13:25:11',NULL,'BulkActive',1,'pages','update'),(47,'2020-04-02 13:25:11','2020-04-02 13:25:11',NULL,'BulkDeActive',1,'pages','update'),(48,'2020-04-02 13:25:11','2020-04-02 13:25:11',NULL,'BulkTrash',1,'pages','update'),(49,'2020-04-02 13:25:11','2020-04-02 13:25:11',NULL,'Delete',1,'pages','delete'),(50,'2020-04-02 13:25:11','2020-04-02 13:25:11',NULL,'BulkDelete',1,'pages','delete'),(51,'2020-04-02 13:25:11','2020-04-02 13:25:11',NULL,'Delete',1,'permission_groups','delete'),(52,'2020-04-02 13:25:11','2020-04-02 13:25:11',NULL,'BulkDelete',1,'permission_groups','delete'),(53,'2020-04-02 13:25:11','2020-04-02 13:25:11',NULL,'Index',1,'permission_groups','index'),(54,'2020-04-02 13:25:11','2020-04-02 13:25:11',NULL,'Show',1,'permission_groups','index'),(55,'2020-04-02 13:25:11','2020-04-02 13:25:11',NULL,'GetAllPermissionGroups',1,'permission_groups','index'),(56,'2020-04-02 13:25:11','2020-04-02 13:25:11',NULL,'Status',1,'permission_groups','index'),(57,'2020-04-02 13:25:11','2020-04-02 13:25:11',NULL,'Store',1,'permission_groups','store'),(58,'2020-04-02 13:25:11','2020-04-02 13:25:11',NULL,'Update',1,'permission_groups','update'),(59,'2020-04-02 13:25:11','2020-04-02 13:25:11',NULL,'QuickEdit',1,'permission_groups','update'),(60,'2020-04-02 13:25:11','2020-04-02 13:25:11',NULL,'Active',1,'permission_groups','update'),(61,'2020-04-02 13:25:11','2020-04-02 13:25:11',NULL,'DeActive',1,'permission_groups','update'),(62,'2020-04-02 13:25:11','2020-04-02 13:25:11',NULL,'Trash',1,'permission_groups','update'),(63,'2020-04-02 13:25:11','2020-04-02 13:25:11',NULL,'BulkActive',1,'permission_groups','update'),(64,'2020-04-02 13:25:11','2020-04-02 13:25:11',NULL,'BulkDeActive',1,'permission_groups','update'),(65,'2020-04-02 13:25:11','2020-04-02 13:25:11',NULL,'BulkTrash',1,'permission_groups','update'),(66,'2020-04-02 13:25:11','2020-04-02 13:25:11',NULL,'Index',1,'settings','index'),(67,'2020-04-02 13:25:11','2020-04-02 13:25:11',NULL,'Show',1,'settings','index'),(68,'2020-04-02 13:25:11','2020-04-02 13:25:11',NULL,'Status',1,'settings','index'),(69,'2020-04-02 13:25:11','2020-04-02 13:25:11',NULL,'Update',1,'settings','update'),(70,'2020-04-02 13:25:11','2020-04-02 13:25:11',NULL,'Index',1,'users','index'),(71,'2020-04-02 13:25:11','2020-04-02 13:25:11',NULL,'Show',1,'users','index'),(72,'2020-04-02 13:25:11','2020-04-02 13:25:11',NULL,'Status',1,'users','index'),(73,'2020-04-02 13:25:11','2020-04-02 13:25:11',NULL,'Store',1,'users','store'),(74,'2020-04-02 13:25:11','2020-04-02 13:25:11',NULL,'Update',1,'users','update'),(75,'2020-04-02 13:25:11','2020-04-02 13:25:11',NULL,'QuickEdit',1,'users','update'),(76,'2020-04-02 13:25:11','2020-04-02 13:25:11',NULL,'Active',1,'users','update'),(77,'2020-04-02 13:25:11','2020-04-02 13:25:11',NULL,'DeActive',1,'users','update'),(78,'2020-04-02 13:25:11','2020-04-02 13:25:11',NULL,'Trash',1,'users','update'),(79,'2020-04-02 13:25:11','2020-04-02 13:25:11',NULL,'Block',1,'users','update'),(80,'2020-04-02 13:25:11','2020-04-02 13:25:11',NULL,'BulkActive',1,'users','update'),(81,'2020-04-02 13:25:11','2020-04-02 13:25:11',NULL,'BulkDeActive',1,'users','update'),(82,'2020-04-02 13:25:11','2020-04-02 13:25:11',NULL,'BulkTrash',1,'users','update'),(83,'2020-04-02 13:25:11','2020-04-02 13:25:11',NULL,'BulkBlock',1,'users','update'),(84,'2020-04-02 13:25:11','2020-04-02 13:25:11',NULL,'Delete',1,'users','delete'),(85,'2020-04-02 13:25:11','2020-04-02 13:25:11',NULL,'BulkDelete',1,'users','delete'),(86,'2020-04-02 13:25:11','2020-04-02 13:25:11',NULL,'StoreAnswer',1,'answers','store'),(87,'2020-04-02 13:25:11','2020-04-02 13:25:11',NULL,'UpdateAnswer',1,'answers','update'),(88,'2020-04-02 13:25:11','2020-04-02 13:25:11',NULL,'StoreAnswer',2,'answers','store'),(89,'2020-04-02 13:25:11','2020-04-02 13:25:11',NULL,'UpdateAnswer',2,'answers','update'),(90,'2020-04-02 13:25:11','2020-04-02 13:25:11',NULL,'Index',2,'categories','index'),(91,'2020-04-02 13:25:11','2020-04-02 13:25:11',NULL,'Show',2,'categories','index'),(92,'2020-04-02 13:25:11','2020-04-02 13:25:11',NULL,'Status',2,'categories','index'),(93,'2020-04-02 13:25:11','2020-04-02 13:25:11',NULL,'GetAllCategories',2,'categories','index'),(94,'2020-04-02 13:25:11','2020-04-02 13:25:11',NULL,'Store',2,'categories','store'),(95,'2020-04-02 13:25:11','2020-04-02 13:25:11',NULL,'Update',2,'categories','update'),(96,'2020-04-02 13:25:11','2020-04-02 13:25:11',NULL,'QuickEdit',2,'categories','update'),(97,'2020-04-02 13:25:11','2020-04-02 13:25:11',NULL,'Active',2,'categories','update'),(98,'2020-04-02 13:25:11','2020-04-02 13:25:11',NULL,'DeActive',2,'categories','update'),(99,'2020-04-02 13:25:11','2020-04-02 13:25:11',NULL,'Trash',2,'categories','update'),(100,'2020-04-02 13:25:11','2020-04-02 13:25:11',NULL,'BulkActive',2,'categories','update'),(101,'2020-04-02 13:25:11','2020-04-02 13:25:11',NULL,'BulkDeActive',2,'categories','update'),(102,'2020-04-02 13:25:11','2020-04-02 13:25:11',NULL,'BulkTrash',2,'categories','update'),(103,'2020-04-02 13:25:11','2020-04-02 13:25:11',NULL,'Delete',2,'categories','delete'),(104,'2020-04-02 13:25:11','2020-04-02 13:25:11',NULL,'BulkDelete',2,'categories','delete'),(105,'2020-04-02 13:25:11','2020-04-02 13:25:11',NULL,'Store',2,'faqs','store'),(106,'2020-04-02 13:25:11','2020-04-02 13:25:11',NULL,'StoreFaqWithAnswers',2,'faqs','store'),(107,'2020-04-02 13:25:11','2020-04-02 13:25:11',NULL,'Update',2,'faqs','update'),(108,'2020-04-02 13:25:11','2020-04-02 13:25:11',NULL,'UpdateFaqWithAnswers',2,'faqs','update'),(109,'2020-04-02 13:25:11','2020-04-02 13:25:11',NULL,'QuickEdit',2,'faqs','update'),(110,'2020-04-02 13:25:11','2020-04-02 13:25:11',NULL,'Active',2,'faqs','update'),(111,'2020-04-02 13:25:11','2020-04-02 13:25:11',NULL,'DeActive',2,'faqs','update'),(112,'2020-04-02 13:25:11','2020-04-02 13:25:11',NULL,'Trash',2,'faqs','update'),(113,'2020-04-02 13:25:11','2020-04-02 13:25:11',NULL,'BulkActive',2,'faqs','update'),(114,'2020-04-02 13:25:11','2020-04-02 13:25:11',NULL,'BulkDeActive',2,'faqs','update'),(115,'2020-04-02 13:25:11','2020-04-02 13:25:11',NULL,'BulkTrash',2,'faqs','update'),(116,'2020-04-02 13:25:11','2020-04-02 13:25:11',NULL,'Delete',2,'faqs','delete'),(117,'2020-04-02 13:25:11','2020-04-02 13:25:11',NULL,'BulkDelete',2,'faqs','delete'),(118,'2020-04-02 13:25:11','2020-04-02 13:25:11',NULL,'Index',2,'faqs','index'),(119,'2020-04-02 13:25:11','2020-04-02 13:25:11',NULL,'Show',2,'faqs','index'),(120,'2020-04-02 13:25:12','2020-04-02 13:25:12',NULL,'ShowFaq',2,'faqs','index'),(121,'2020-04-02 13:25:12','2020-04-02 13:25:12',NULL,'Status',2,'faqs','index'),(122,'2020-04-02 13:25:12','2020-04-02 13:25:12',NULL,'GetAllFaqs',2,'faqs','index'),(123,'2020-04-02 13:25:12','2020-04-02 13:25:12',NULL,'Store',2,'images','store'),(124,'2020-04-02 13:25:12','2020-04-02 13:25:12',NULL,'Delete',2,'images','delete'),(125,'2020-04-02 13:25:12','2020-04-02 13:25:12',NULL,'Index',2,'pages','index'),(126,'2020-04-02 13:25:12','2020-04-02 13:25:12',NULL,'Show',2,'pages','index'),(127,'2020-04-02 13:25:12','2020-04-02 13:25:12',NULL,'Status',2,'pages','index'),(128,'2020-04-02 13:25:12','2020-04-02 13:25:12',NULL,'GetAllPages',2,'pages','index'),(129,'2020-04-02 13:25:12','2020-04-02 13:25:12',NULL,'Store',2,'pages','store'),(130,'2020-04-02 13:25:12','2020-04-02 13:25:12',NULL,'Update',2,'pages','update'),(131,'2020-04-02 13:25:12','2020-04-02 13:25:12',NULL,'QuickEdit',2,'pages','update'),(132,'2020-04-02 13:25:12','2020-04-02 13:25:12',NULL,'Active',2,'pages','update'),(133,'2020-04-02 13:25:12','2020-04-02 13:25:12',NULL,'DeActive',2,'pages','update'),(134,'2020-04-02 13:25:12','2020-04-02 13:25:12',NULL,'Trash',2,'pages','update'),(135,'2020-04-02 13:25:12','2020-04-02 13:25:12',NULL,'BulkActive',2,'pages','update'),(136,'2020-04-02 13:25:12','2020-04-02 13:25:12',NULL,'BulkDeActive',2,'pages','update'),(137,'2020-04-02 13:25:12','2020-04-02 13:25:12',NULL,'BulkTrash',2,'pages','update'),(138,'2020-04-02 13:25:12','2020-04-02 13:25:12',NULL,'Delete',2,'pages','delete'),(139,'2020-04-02 13:25:12','2020-04-02 13:25:12',NULL,'BulkDelete',2,'pages','delete'),(140,'2020-04-02 13:25:12','2020-04-02 13:25:12',NULL,'Store',2,'permission_groups','store'),(141,'2020-04-02 13:25:12','2020-04-02 13:25:12',NULL,'Update',2,'permission_groups','update'),(142,'2020-04-02 13:25:12','2020-04-02 13:25:12',NULL,'QuickEdit',2,'permission_groups','update'),(143,'2020-04-02 13:25:12','2020-04-02 13:25:12',NULL,'Active',2,'permission_groups','update'),(144,'2020-04-02 13:25:12','2020-04-02 13:25:12',NULL,'DeActive',2,'permission_groups','update'),(145,'2020-04-02 13:25:12','2020-04-02 13:25:12',NULL,'Trash',2,'permission_groups','update'),(146,'2020-04-02 13:25:12','2020-04-02 13:25:12',NULL,'BulkActive',2,'permission_groups','update'),(147,'2020-04-02 13:25:12','2020-04-02 13:25:12',NULL,'BulkDeActive',2,'permission_groups','update'),(148,'2020-04-02 13:25:12','2020-04-02 13:25:12',NULL,'BulkTrash',2,'permission_groups','update'),(149,'2020-04-02 13:25:12','2020-04-02 13:25:12',NULL,'Delete',2,'permission_groups','delete'),(150,'2020-04-02 13:25:12','2020-04-02 13:25:12',NULL,'BulkDelete',2,'permission_groups','delete'),(151,'2020-04-02 13:25:12','2020-04-02 13:25:12',NULL,'Index',2,'permission_groups','index'),(152,'2020-04-02 13:25:12','2020-04-02 13:25:12',NULL,'Show',2,'permission_groups','index'),(153,'2020-04-02 13:25:12','2020-04-02 13:25:12',NULL,'GetAllPermissionGroups',2,'permission_groups','index'),(154,'2020-04-02 13:25:12','2020-04-02 13:25:12',NULL,'Status',2,'permission_groups','index'),(155,'2020-04-02 13:25:12','2020-04-02 13:25:12',NULL,'Index',2,'settings','index'),(156,'2020-04-02 13:25:12','2020-04-02 13:25:12',NULL,'Show',2,'settings','index'),(157,'2020-04-02 13:25:12','2020-04-02 13:25:12',NULL,'Status',2,'settings','index'),(158,'2020-04-02 13:25:12','2020-04-02 13:25:12',NULL,'Update',2,'settings','update'),(159,'2020-04-02 13:25:12','2020-04-02 13:25:12',NULL,'Index',2,'users','index'),(160,'2020-04-02 13:25:12','2020-04-02 13:25:12',NULL,'Show',2,'users','index'),(161,'2020-04-02 13:25:12','2020-04-02 13:25:12',NULL,'Status',2,'users','index'),(162,'2020-04-02 13:25:12','2020-04-02 13:25:12',NULL,'Store',2,'users','store'),(163,'2020-04-02 13:25:12','2020-04-02 13:25:12',NULL,'Update',2,'users','update'),(164,'2020-04-02 13:25:12','2020-04-02 13:25:12',NULL,'QuickEdit',2,'users','update'),(165,'2020-04-02 13:25:12','2020-04-02 13:25:12',NULL,'Active',2,'users','update'),(166,'2020-04-02 13:25:12','2020-04-02 13:25:12',NULL,'DeActive',2,'users','update'),(167,'2020-04-02 13:25:12','2020-04-02 13:25:12',NULL,'Trash',2,'users','update'),(168,'2020-04-02 13:25:12','2020-04-02 13:25:12',NULL,'Block',2,'users','update'),(169,'2020-04-02 13:25:12','2020-04-02 13:25:12',NULL,'BulkActive',2,'users','update'),(170,'2020-04-02 13:25:12','2020-04-02 13:25:12',NULL,'BulkDeActive',2,'users','update'),(171,'2020-04-02 13:25:12','2020-04-02 13:25:12',NULL,'BulkTrash',2,'users','update'),(172,'2020-04-02 13:25:12','2020-04-02 13:25:12',NULL,'BulkBlock',2,'users','update'),(173,'2020-04-02 13:25:12','2020-04-02 13:25:12',NULL,'Delete',2,'users','delete'),(174,'2020-04-02 13:25:12','2020-04-02 13:25:12',NULL,'BulkDelete',2,'users','delete'),(175,'2020-04-02 13:25:12','2020-04-02 13:25:12',NULL,'Update',3,'permission_groups','update'),(176,'2020-04-02 13:25:12','2020-04-02 13:25:12',NULL,'QuickEdit',3,'permission_groups','update'),(177,'2020-04-02 13:25:12','2020-04-02 13:25:12',NULL,'Active',3,'permission_groups','update'),(178,'2020-04-02 13:25:12','2020-04-02 13:25:12',NULL,'DeActive',3,'permission_groups','update'),(179,'2020-04-02 13:25:12','2020-04-02 13:25:12',NULL,'Trash',3,'permission_groups','update'),(180,'2020-04-02 13:25:12','2020-04-02 13:25:12',NULL,'BulkActive',3,'permission_groups','update'),(181,'2020-04-02 13:25:12','2020-04-02 13:25:12',NULL,'BulkDeActive',3,'permission_groups','update'),(182,'2020-04-02 13:25:12','2020-04-02 13:25:12',NULL,'BulkTrash',3,'permission_groups','update'),(183,'2020-04-02 13:25:12','2020-04-02 13:25:12',NULL,'Delete',3,'permission_groups','delete'),(184,'2020-04-02 13:25:12','2020-04-02 13:25:12',NULL,'BulkDelete',3,'permission_groups','delete'),(185,'2020-04-02 13:25:12','2020-04-02 13:25:12',NULL,'Index',3,'permission_groups','index'),(186,'2020-04-02 13:25:12','2020-04-02 13:25:12',NULL,'Show',3,'permission_groups','index'),(187,'2020-04-02 13:25:12','2020-04-02 13:25:12',NULL,'GetAllPermissionGroups',3,'permission_groups','index'),(188,'2020-04-02 13:25:12','2020-04-02 13:25:12',NULL,'Status',3,'permission_groups','index'),(189,'2020-04-02 13:25:12','2020-04-02 13:25:12',NULL,'Store',3,'permission_groups','store'),(190,'2020-04-02 13:25:12','2020-04-02 13:25:12',NULL,'Index',3,'settings','index'),(191,'2020-04-02 13:25:12','2020-04-02 13:25:12',NULL,'Show',3,'settings','index'),(192,'2020-04-02 13:25:12','2020-04-02 13:25:12',NULL,'Status',3,'settings','index'),(193,'2020-04-02 13:25:12','2020-04-02 13:25:12',NULL,'Update',3,'settings','update'),(194,'2020-04-02 13:25:12','2020-04-02 13:25:12',NULL,'Index',3,'users','index'),(195,'2020-04-02 13:25:12','2020-04-02 13:25:12',NULL,'Show',3,'users','index'),(196,'2020-04-02 13:25:12','2020-04-02 13:25:12',NULL,'Status',3,'users','index'),(197,'2020-04-02 13:25:12','2020-04-02 13:25:12',NULL,'Store',3,'users','store'),(198,'2020-04-02 13:25:12','2020-04-02 13:25:12',NULL,'Update',3,'users','update'),(199,'2020-04-02 13:25:12','2020-04-02 13:25:12',NULL,'QuickEdit',3,'users','update'),(200,'2020-04-02 13:25:12','2020-04-02 13:25:12',NULL,'Active',3,'users','update'),(201,'2020-04-02 13:25:12','2020-04-02 13:25:12',NULL,'DeActive',3,'users','update'),(202,'2020-04-02 13:25:12','2020-04-02 13:25:12',NULL,'Trash',3,'users','update'),(203,'2020-04-02 13:25:12','2020-04-02 13:25:12',NULL,'Block',3,'users','update'),(204,'2020-04-02 13:25:12','2020-04-02 13:25:12',NULL,'BulkActive',3,'users','update'),(205,'2020-04-02 13:25:12','2020-04-02 13:25:12',NULL,'BulkDeActive',3,'users','update'),(206,'2020-04-02 13:25:12','2020-04-02 13:25:12',NULL,'BulkTrash',3,'users','update'),(207,'2020-04-02 13:25:12','2020-04-02 13:25:12',NULL,'BulkBlock',3,'users','update'),(208,'2020-04-02 13:25:12','2020-04-02 13:25:12',NULL,'Delete',3,'users','delete'),(209,'2020-04-02 13:25:12','2020-04-02 13:25:12',NULL,'BulkDelete',3,'users','delete'),(210,'2020-04-02 13:25:12','2020-04-02 13:25:12',NULL,'StoreAnswer',3,'answers','store'),(211,'2020-04-02 13:25:12','2020-04-02 13:25:12',NULL,'UpdateAnswer',3,'answers','update'),(212,'2020-04-02 13:25:12','2020-04-02 13:25:12',NULL,'Index',3,'categories','index'),(213,'2020-04-02 13:25:12','2020-04-02 13:25:12',NULL,'Show',3,'categories','index'),(214,'2020-04-02 13:25:12','2020-04-02 13:25:12',NULL,'Status',3,'categories','index'),(215,'2020-04-02 13:25:12','2020-04-02 13:25:12',NULL,'GetAllCategories',3,'categories','index'),(216,'2020-04-02 13:25:12','2020-04-02 13:25:12',NULL,'Store',3,'categories','store'),(217,'2020-04-02 13:25:12','2020-04-02 13:25:12',NULL,'Update',3,'categories','update'),(218,'2020-04-02 13:25:12','2020-04-02 13:25:12',NULL,'QuickEdit',3,'categories','update'),(219,'2020-04-02 13:25:12','2020-04-02 13:25:12',NULL,'Active',3,'categories','update'),(220,'2020-04-02 13:25:12','2020-04-02 13:25:12',NULL,'DeActive',3,'categories','update'),(221,'2020-04-02 13:25:12','2020-04-02 13:25:12',NULL,'Trash',3,'categories','update'),(222,'2020-04-02 13:25:12','2020-04-02 13:25:12',NULL,'BulkActive',3,'categories','update'),(223,'2020-04-02 13:25:12','2020-04-02 13:25:12',NULL,'BulkDeActive',3,'categories','update'),(224,'2020-04-02 13:25:12','2020-04-02 13:25:12',NULL,'BulkTrash',3,'categories','update'),(225,'2020-04-02 13:25:12','2020-04-02 13:25:12',NULL,'Delete',3,'categories','delete'),(226,'2020-04-02 13:25:12','2020-04-02 13:25:12',NULL,'BulkDelete',3,'categories','delete'),(227,'2020-04-02 13:25:12','2020-04-02 13:25:12',NULL,'Update',3,'faqs','update'),(228,'2020-04-02 13:25:12','2020-04-02 13:25:12',NULL,'UpdateFaqWithAnswers',3,'faqs','update'),(229,'2020-04-02 13:25:12','2020-04-02 13:25:12',NULL,'QuickEdit',3,'faqs','update'),(230,'2020-04-02 13:25:12','2020-04-02 13:25:12',NULL,'Active',3,'faqs','update'),(231,'2020-04-02 13:25:12','2020-04-02 13:25:12',NULL,'DeActive',3,'faqs','update'),(232,'2020-04-02 13:25:12','2020-04-02 13:25:12',NULL,'Trash',3,'faqs','update'),(233,'2020-04-02 13:25:12','2020-04-02 13:25:12',NULL,'BulkActive',3,'faqs','update'),(234,'2020-04-02 13:25:12','2020-04-02 13:25:12',NULL,'BulkDeActive',3,'faqs','update'),(235,'2020-04-02 13:25:12','2020-04-02 13:25:12',NULL,'BulkTrash',3,'faqs','update'),(236,'2020-04-02 13:25:12','2020-04-02 13:25:12',NULL,'Delete',3,'faqs','delete'),(237,'2020-04-02 13:25:12','2020-04-02 13:25:12',NULL,'BulkDelete',3,'faqs','delete'),(238,'2020-04-02 13:25:12','2020-04-02 13:25:12',NULL,'Index',3,'faqs','index'),(239,'2020-04-02 13:25:12','2020-04-02 13:25:12',NULL,'Show',3,'faqs','index'),(240,'2020-04-02 13:25:12','2020-04-02 13:25:12',NULL,'ShowFaq',3,'faqs','index'),(241,'2020-04-02 13:25:12','2020-04-02 13:25:12',NULL,'Status',3,'faqs','index'),(242,'2020-04-02 13:25:12','2020-04-02 13:25:12',NULL,'GetAllFaqs',3,'faqs','index'),(243,'2020-04-02 13:25:12','2020-04-02 13:25:12',NULL,'Store',3,'faqs','store'),(244,'2020-04-02 13:25:12','2020-04-02 13:25:12',NULL,'StoreFaqWithAnswers',3,'faqs','store'),(245,'2020-04-02 13:25:12','2020-04-02 13:25:12',NULL,'Store',3,'images','store'),(246,'2020-04-02 13:25:12','2020-04-02 13:25:12',NULL,'Delete',3,'images','delete'),(247,'2020-04-02 13:25:12','2020-04-02 13:25:12',NULL,'Update',3,'pages','update'),(248,'2020-04-02 13:25:12','2020-04-02 13:25:12',NULL,'QuickEdit',3,'pages','update'),(249,'2020-04-02 13:25:12','2020-04-02 13:25:12',NULL,'Active',3,'pages','update'),(250,'2020-04-02 13:25:12','2020-04-02 13:25:12',NULL,'DeActive',3,'pages','update'),(251,'2020-04-02 13:25:12','2020-04-02 13:25:12',NULL,'Trash',3,'pages','update'),(252,'2020-04-02 13:25:12','2020-04-02 13:25:12',NULL,'BulkActive',3,'pages','update'),(253,'2020-04-02 13:25:12','2020-04-02 13:25:12',NULL,'BulkDeActive',3,'pages','update'),(254,'2020-04-02 13:25:12','2020-04-02 13:25:12',NULL,'BulkTrash',3,'pages','update'),(255,'2020-04-02 13:25:12','2020-04-02 13:25:12',NULL,'Delete',3,'pages','delete'),(256,'2020-04-02 13:25:12','2020-04-02 13:25:12',NULL,'BulkDelete',3,'pages','delete'),(257,'2020-04-02 13:25:12','2020-04-02 13:25:12',NULL,'Index',3,'pages','index'),(258,'2020-04-02 13:25:12','2020-04-02 13:25:12',NULL,'Show',3,'pages','index'),(259,'2020-04-02 13:25:12','2020-04-02 13:25:12',NULL,'Status',3,'pages','index'),(260,'2020-04-02 13:25:12','2020-04-02 13:25:12',NULL,'GetAllPages',3,'pages','index'),(261,'2020-04-02 13:25:12','2020-04-02 13:25:12',NULL,'Store',3,'pages','store'),(262,'2020-04-02 13:25:12','2020-04-02 13:25:12',NULL,'Store',4,'categories','store'),(263,'2020-04-02 13:25:12','2020-04-02 13:25:12',NULL,'Update',4,'categories','update'),(264,'2020-04-02 13:25:12','2020-04-02 13:25:12',NULL,'QuickEdit',4,'categories','update'),(265,'2020-04-02 13:25:12','2020-04-02 13:25:12',NULL,'Active',4,'categories','update'),(266,'2020-04-02 13:25:12','2020-04-02 13:25:12',NULL,'DeActive',4,'categories','update'),(267,'2020-04-02 13:25:12','2020-04-02 13:25:12',NULL,'Trash',4,'categories','update'),(268,'2020-04-02 13:25:12','2020-04-02 13:25:12',NULL,'BulkActive',4,'categories','update'),(269,'2020-04-02 13:25:12','2020-04-02 13:25:12',NULL,'BulkDeActive',4,'categories','update'),(270,'2020-04-02 13:25:12','2020-04-02 13:25:12',NULL,'BulkTrash',4,'categories','update'),(271,'2020-04-02 13:25:12','2020-04-02 13:25:12',NULL,'Delete',4,'categories','delete'),(272,'2020-04-02 13:25:12','2020-04-02 13:25:12',NULL,'BulkDelete',4,'categories','delete'),(273,'2020-04-02 13:25:12','2020-04-02 13:25:12',NULL,'Index',4,'categories','index'),(274,'2020-04-02 13:25:12','2020-04-02 13:25:12',NULL,'Show',4,'categories','index'),(275,'2020-04-02 13:25:12','2020-04-02 13:25:12',NULL,'Status',4,'categories','index'),(276,'2020-04-02 13:25:12','2020-04-02 13:25:12',NULL,'GetAllCategories',4,'categories','index'),(277,'2020-04-02 13:25:12','2020-04-02 13:25:12',NULL,'Index',4,'faqs','index'),(278,'2020-04-02 13:25:12','2020-04-02 13:25:12',NULL,'Show',4,'faqs','index'),(279,'2020-04-02 13:25:12','2020-04-02 13:25:12',NULL,'ShowFaq',4,'faqs','index'),(280,'2020-04-02 13:25:12','2020-04-02 13:25:12',NULL,'Status',4,'faqs','index'),(281,'2020-04-02 13:25:12','2020-04-02 13:25:12',NULL,'GetAllFaqs',4,'faqs','index'),(282,'2020-04-02 13:25:12','2020-04-02 13:25:12',NULL,'Store',4,'faqs','store'),(283,'2020-04-02 13:25:12','2020-04-02 13:25:12',NULL,'StoreFaqWithAnswers',4,'faqs','store'),(284,'2020-04-02 13:25:12','2020-04-02 13:25:12',NULL,'Update',4,'faqs','update'),(285,'2020-04-02 13:25:12','2020-04-02 13:25:12',NULL,'UpdateFaqWithAnswers',4,'faqs','update'),(286,'2020-04-02 13:25:12','2020-04-02 13:25:12',NULL,'QuickEdit',4,'faqs','update'),(287,'2020-04-02 13:25:12','2020-04-02 13:25:12',NULL,'Active',4,'faqs','update'),(288,'2020-04-02 13:25:12','2020-04-02 13:25:12',NULL,'DeActive',4,'faqs','update'),(289,'2020-04-02 13:25:12','2020-04-02 13:25:12',NULL,'Trash',4,'faqs','update'),(290,'2020-04-02 13:25:12','2020-04-02 13:25:12',NULL,'BulkActive',4,'faqs','update'),(291,'2020-04-02 13:25:12','2020-04-02 13:25:12',NULL,'BulkDeActive',4,'faqs','update'),(292,'2020-04-02 13:25:12','2020-04-02 13:25:12',NULL,'BulkTrash',4,'faqs','update'),(293,'2020-04-02 13:25:12','2020-04-02 13:25:12',NULL,'Delete',4,'faqs','delete'),(294,'2020-04-02 13:25:12','2020-04-02 13:25:12',NULL,'BulkDelete',4,'faqs','delete'),(295,'2020-04-02 13:25:12','2020-04-02 13:25:12',NULL,'Store',4,'images','store'),(296,'2020-04-02 13:25:12','2020-04-02 13:25:12',NULL,'Delete',4,'images','delete'),(297,'2020-04-02 13:25:12','2020-04-02 13:25:12',NULL,'Index',4,'pages','index'),(298,'2020-04-02 13:25:12','2020-04-02 13:25:12',NULL,'Show',4,'pages','index'),(299,'2020-04-02 13:25:12','2020-04-02 13:25:12',NULL,'Status',4,'pages','index'),(300,'2020-04-02 13:25:12','2020-04-02 13:25:12',NULL,'GetAllPages',4,'pages','index'),(301,'2020-04-02 13:25:12','2020-04-02 13:25:12',NULL,'Store',4,'pages','store'),(302,'2020-04-02 13:25:12','2020-04-02 13:25:12',NULL,'Update',4,'pages','update'),(303,'2020-04-02 13:25:12','2020-04-02 13:25:12',NULL,'QuickEdit',4,'pages','update'),(304,'2020-04-02 13:25:12','2020-04-02 13:25:12',NULL,'Active',4,'pages','update'),(305,'2020-04-02 13:25:12','2020-04-02 13:25:12',NULL,'DeActive',4,'pages','update'),(306,'2020-04-02 13:25:12','2020-04-02 13:25:12',NULL,'Trash',4,'pages','update'),(307,'2020-04-02 13:25:12','2020-04-02 13:25:12',NULL,'BulkActive',4,'pages','update'),(308,'2020-04-02 13:25:12','2020-04-02 13:25:12',NULL,'BulkDeActive',4,'pages','update'),(309,'2020-04-02 13:25:12','2020-04-02 13:25:12',NULL,'BulkTrash',4,'pages','update'),(310,'2020-04-02 13:25:12','2020-04-02 13:25:12',NULL,'Delete',4,'pages','delete'),(311,'2020-04-02 13:25:12','2020-04-02 13:25:12',NULL,'BulkDelete',4,'pages','delete'),(312,'2020-04-02 13:25:12','2020-04-02 13:25:12',NULL,'Index',4,'permission_groups','index'),(313,'2020-04-02 13:25:12','2020-04-02 13:25:12',NULL,'Show',4,'permission_groups','index'),(314,'2020-04-02 13:25:12','2020-04-02 13:25:12',NULL,'GetAllPermissionGroups',4,'permission_groups','index'),(315,'2020-04-02 13:25:12','2020-04-02 13:25:12',NULL,'Status',4,'permission_groups','index'),(316,'2020-04-02 13:25:12','2020-04-02 13:25:12',NULL,'Store',4,'permission_groups','store'),(317,'2020-04-02 13:25:12','2020-04-02 13:25:12',NULL,'Update',4,'permission_groups','update'),(318,'2020-04-02 13:25:12','2020-04-02 13:25:12',NULL,'QuickEdit',4,'permission_groups','update'),(319,'2020-04-02 13:25:12','2020-04-02 13:25:12',NULL,'Active',4,'permission_groups','update'),(320,'2020-04-02 13:25:12','2020-04-02 13:25:12',NULL,'DeActive',4,'permission_groups','update'),(321,'2020-04-02 13:25:12','2020-04-02 13:25:12',NULL,'Trash',4,'permission_groups','update'),(322,'2020-04-02 13:25:12','2020-04-02 13:25:12',NULL,'BulkActive',4,'permission_groups','update'),(323,'2020-04-02 13:25:12','2020-04-02 13:25:12',NULL,'BulkDeActive',4,'permission_groups','update'),(324,'2020-04-02 13:25:12','2020-04-02 13:25:12',NULL,'BulkTrash',4,'permission_groups','update'),(325,'2020-04-02 13:25:12','2020-04-02 13:25:12',NULL,'Delete',4,'permission_groups','delete'),(326,'2020-04-02 13:25:12','2020-04-02 13:25:12',NULL,'BulkDelete',4,'permission_groups','delete'),(327,'2020-04-02 13:25:12','2020-04-02 13:25:12',NULL,'Index',4,'settings','index'),(328,'2020-04-02 13:25:12','2020-04-02 13:25:12',NULL,'Show',4,'settings','index'),(329,'2020-04-02 13:25:12','2020-04-02 13:25:12',NULL,'Status',4,'settings','index'),(330,'2020-04-02 13:25:12','2020-04-02 13:25:12',NULL,'Update',4,'settings','update'),(331,'2020-04-02 13:25:12','2020-04-02 13:25:12',NULL,'Index',4,'users','index'),(332,'2020-04-02 13:25:12','2020-04-02 13:25:12',NULL,'Show',4,'users','index'),(333,'2020-04-02 13:25:12','2020-04-02 13:25:12',NULL,'Status',4,'users','index'),(334,'2020-04-02 13:25:12','2020-04-02 13:25:12',NULL,'Store',4,'users','store'),(335,'2020-04-02 13:25:12','2020-04-02 13:25:12',NULL,'Update',4,'users','update'),(336,'2020-04-02 13:25:12','2020-04-02 13:25:12',NULL,'QuickEdit',4,'users','update'),(337,'2020-04-02 13:25:12','2020-04-02 13:25:12',NULL,'Active',4,'users','update'),(338,'2020-04-02 13:25:12','2020-04-02 13:25:12',NULL,'DeActive',4,'users','update'),(339,'2020-04-02 13:25:12','2020-04-02 13:25:12',NULL,'Trash',4,'users','update'),(340,'2020-04-02 13:25:12','2020-04-02 13:25:12',NULL,'Block',4,'users','update'),(341,'2020-04-02 13:25:12','2020-04-02 13:25:12',NULL,'BulkActive',4,'users','update'),(342,'2020-04-02 13:25:12','2020-04-02 13:25:12',NULL,'BulkDeActive',4,'users','update'),(343,'2020-04-02 13:25:12','2020-04-02 13:25:12',NULL,'BulkTrash',4,'users','update'),(344,'2020-04-02 13:25:12','2020-04-02 13:25:12',NULL,'BulkBlock',4,'users','update'),(345,'2020-04-02 13:25:12','2020-04-02 13:25:12',NULL,'Delete',4,'users','delete'),(346,'2020-04-02 13:25:12','2020-04-02 13:25:12',NULL,'BulkDelete',4,'users','delete'),(347,'2020-04-02 13:25:12','2020-04-02 13:25:12',NULL,'StoreAnswer',4,'answers','store'),(348,'2020-04-02 13:25:12','2020-04-02 13:25:12',NULL,'UpdateAnswer',4,'answers','update'),(349,'2020-04-02 13:25:12','2020-04-02 13:25:12',NULL,'Store',5,'images','store'),(350,'2020-04-02 13:25:12','2020-04-02 13:25:12',NULL,'Delete',5,'images','delete'),(351,'2020-04-02 13:25:12','2020-04-02 13:25:12',NULL,'Index',5,'pages','index'),(352,'2020-04-02 13:25:12','2020-04-02 13:25:12',NULL,'Show',5,'pages','index'),(353,'2020-04-02 13:25:12','2020-04-02 13:25:12',NULL,'Status',5,'pages','index'),(354,'2020-04-02 13:25:12','2020-04-02 13:25:12',NULL,'GetAllPages',5,'pages','index'),(355,'2020-04-02 13:25:12','2020-04-02 13:25:12',NULL,'Store',5,'pages','store'),(356,'2020-04-02 13:25:12','2020-04-02 13:25:12',NULL,'Update',5,'pages','update'),(357,'2020-04-02 13:25:12','2020-04-02 13:25:12',NULL,'QuickEdit',5,'pages','update'),(358,'2020-04-02 13:25:12','2020-04-02 13:25:12',NULL,'Active',5,'pages','update'),(359,'2020-04-02 13:25:12','2020-04-02 13:25:12',NULL,'DeActive',5,'pages','update'),(360,'2020-04-02 13:25:12','2020-04-02 13:25:12',NULL,'Trash',5,'pages','update'),(361,'2020-04-02 13:25:12','2020-04-02 13:25:12',NULL,'BulkActive',5,'pages','update'),(362,'2020-04-02 13:25:12','2020-04-02 13:25:12',NULL,'BulkDeActive',5,'pages','update'),(363,'2020-04-02 13:25:12','2020-04-02 13:25:12',NULL,'BulkTrash',5,'pages','update'),(364,'2020-04-02 13:25:12','2020-04-02 13:25:12',NULL,'Delete',5,'pages','delete'),(365,'2020-04-02 13:25:12','2020-04-02 13:25:12',NULL,'BulkDelete',5,'pages','delete'),(366,'2020-04-02 13:25:12','2020-04-02 13:25:12',NULL,'Index',5,'permission_groups','index'),(367,'2020-04-02 13:25:12','2020-04-02 13:25:12',NULL,'Show',5,'permission_groups','index'),(368,'2020-04-02 13:25:12','2020-04-02 13:25:12',NULL,'GetAllPermissionGroups',5,'permission_groups','index'),(369,'2020-04-02 13:25:12','2020-04-02 13:25:12',NULL,'Status',5,'permission_groups','index'),(370,'2020-04-02 13:25:12','2020-04-02 13:25:12',NULL,'Store',5,'permission_groups','store'),(371,'2020-04-02 13:25:12','2020-04-02 13:25:12',NULL,'Update',5,'permission_groups','update'),(372,'2020-04-02 13:25:12','2020-04-02 13:25:12',NULL,'QuickEdit',5,'permission_groups','update'),(373,'2020-04-02 13:25:12','2020-04-02 13:25:12',NULL,'Active',5,'permission_groups','update'),(374,'2020-04-02 13:25:12','2020-04-02 13:25:12',NULL,'DeActive',5,'permission_groups','update'),(375,'2020-04-02 13:25:12','2020-04-02 13:25:12',NULL,'Trash',5,'permission_groups','update'),(376,'2020-04-02 13:25:12','2020-04-02 13:25:12',NULL,'BulkActive',5,'permission_groups','update'),(377,'2020-04-02 13:25:12','2020-04-02 13:25:12',NULL,'BulkDeActive',5,'permission_groups','update'),(378,'2020-04-02 13:25:12','2020-04-02 13:25:12',NULL,'BulkTrash',5,'permission_groups','update'),(379,'2020-04-02 13:25:12','2020-04-02 13:25:12',NULL,'Delete',5,'permission_groups','delete'),(380,'2020-04-02 13:25:12','2020-04-02 13:25:12',NULL,'BulkDelete',5,'permission_groups','delete'),(381,'2020-04-02 13:25:12','2020-04-02 13:25:12',NULL,'Index',5,'settings','index'),(382,'2020-04-02 13:25:12','2020-04-02 13:25:12',NULL,'Show',5,'settings','index'),(383,'2020-04-02 13:25:12','2020-04-02 13:25:12',NULL,'Status',5,'settings','index'),(384,'2020-04-02 13:25:12','2020-04-02 13:25:12',NULL,'Update',5,'settings','update'),(385,'2020-04-02 13:25:12','2020-04-02 13:25:12',NULL,'Index',5,'users','index'),(386,'2020-04-02 13:25:12','2020-04-02 13:25:12',NULL,'Show',5,'users','index'),(387,'2020-04-02 13:25:12','2020-04-02 13:25:12',NULL,'Status',5,'users','index'),(388,'2020-04-02 13:25:12','2020-04-02 13:25:12',NULL,'Store',5,'users','store'),(389,'2020-04-02 13:25:12','2020-04-02 13:25:12',NULL,'Update',5,'users','update'),(390,'2020-04-02 13:25:12','2020-04-02 13:25:12',NULL,'QuickEdit',5,'users','update'),(391,'2020-04-02 13:25:12','2020-04-02 13:25:12',NULL,'Active',5,'users','update'),(392,'2020-04-02 13:25:12','2020-04-02 13:25:12',NULL,'DeActive',5,'users','update'),(393,'2020-04-02 13:25:12','2020-04-02 13:25:12',NULL,'Trash',5,'users','update'),(394,'2020-04-02 13:25:12','2020-04-02 13:25:12',NULL,'Block',5,'users','update'),(395,'2020-04-02 13:25:12','2020-04-02 13:25:12',NULL,'BulkActive',5,'users','update'),(396,'2020-04-02 13:25:12','2020-04-02 13:25:12',NULL,'BulkDeActive',5,'users','update'),(397,'2020-04-02 13:25:12','2020-04-02 13:25:12',NULL,'BulkTrash',5,'users','update'),(398,'2020-04-02 13:25:12','2020-04-02 13:25:12',NULL,'BulkBlock',5,'users','update'),(399,'2020-04-02 13:25:12','2020-04-02 13:25:12',NULL,'Delete',5,'users','delete'),(400,'2020-04-02 13:25:12','2020-04-02 13:25:12',NULL,'BulkDelete',5,'users','delete'),(401,'2020-04-02 13:25:12','2020-04-02 13:25:12',NULL,'StoreAnswer',5,'answers','store'),(402,'2020-04-02 13:25:12','2020-04-02 13:25:12',NULL,'UpdateAnswer',5,'answers','update'),(403,'2020-04-02 13:25:12','2020-04-02 13:25:12',NULL,'Store',5,'categories','store'),(404,'2020-04-02 13:25:12','2020-04-02 13:25:12',NULL,'Update',5,'categories','update'),(405,'2020-04-02 13:25:12','2020-04-02 13:25:12',NULL,'QuickEdit',5,'categories','update'),(406,'2020-04-02 13:25:12','2020-04-02 13:25:12',NULL,'Active',5,'categories','update'),(407,'2020-04-02 13:25:12','2020-04-02 13:25:12',NULL,'DeActive',5,'categories','update'),(408,'2020-04-02 13:25:12','2020-04-02 13:25:12',NULL,'Trash',5,'categories','update'),(409,'2020-04-02 13:25:12','2020-04-02 13:25:12',NULL,'BulkActive',5,'categories','update'),(410,'2020-04-02 13:25:12','2020-04-02 13:25:12',NULL,'BulkDeActive',5,'categories','update'),(411,'2020-04-02 13:25:12','2020-04-02 13:25:12',NULL,'BulkTrash',5,'categories','update'),(412,'2020-04-02 13:25:12','2020-04-02 13:25:12',NULL,'Delete',5,'categories','delete'),(413,'2020-04-02 13:25:12','2020-04-02 13:25:12',NULL,'BulkDelete',5,'categories','delete'),(414,'2020-04-02 13:25:12','2020-04-02 13:25:12',NULL,'Index',5,'categories','index'),(415,'2020-04-02 13:25:12','2020-04-02 13:25:12',NULL,'Show',5,'categories','index'),(416,'2020-04-02 13:25:12','2020-04-02 13:25:12',NULL,'Status',5,'categories','index'),(417,'2020-04-02 13:25:12','2020-04-02 13:25:12',NULL,'GetAllCategories',5,'categories','index'),(418,'2020-04-02 13:25:12','2020-04-02 13:25:12',NULL,'Store',5,'faqs','store'),(419,'2020-04-02 13:25:12','2020-04-02 13:25:12',NULL,'StoreFaqWithAnswers',5,'faqs','store'),(420,'2020-04-02 13:25:12','2020-04-02 13:25:12',NULL,'Update',5,'faqs','update'),(421,'2020-04-02 13:25:12','2020-04-02 13:25:12',NULL,'UpdateFaqWithAnswers',5,'faqs','update'),(422,'2020-04-02 13:25:12','2020-04-02 13:25:12',NULL,'QuickEdit',5,'faqs','update'),(423,'2020-04-02 13:25:12','2020-04-02 13:25:12',NULL,'Active',5,'faqs','update'),(424,'2020-04-02 13:25:12','2020-04-02 13:25:12',NULL,'DeActive',5,'faqs','update'),(425,'2020-04-02 13:25:12','2020-04-02 13:25:12',NULL,'Trash',5,'faqs','update'),(426,'2020-04-02 13:25:12','2020-04-02 13:25:12',NULL,'BulkActive',5,'faqs','update'),(427,'2020-04-02 13:25:12','2020-04-02 13:25:12',NULL,'BulkDeActive',5,'faqs','update'),(428,'2020-04-02 13:25:12','2020-04-02 13:25:12',NULL,'BulkTrash',5,'faqs','update'),(429,'2020-04-02 13:25:12','2020-04-02 13:25:12',NULL,'Delete',5,'faqs','delete'),(430,'2020-04-02 13:25:12','2020-04-02 13:25:12',NULL,'BulkDelete',5,'faqs','delete'),(431,'2020-04-02 13:25:12','2020-04-02 13:25:12',NULL,'Index',5,'faqs','index'),(432,'2020-04-02 13:25:12','2020-04-02 13:25:12',NULL,'Show',5,'faqs','index'),(433,'2020-04-02 13:25:12','2020-04-02 13:25:12',NULL,'ShowFaq',5,'faqs','index'),(434,'2020-04-02 13:25:12','2020-04-02 13:25:12',NULL,'Status',5,'faqs','index'),(435,'2020-04-02 13:25:12','2020-04-02 13:25:12',NULL,'GetAllFaqs',5,'faqs','index'),(436,'2020-04-02 13:25:12','2020-04-02 13:25:12',NULL,'StoreAnswer',6,'answers','store'),(437,'2020-04-02 13:25:12','2020-04-02 13:25:12',NULL,'UpdateAnswer',6,'answers','update'),(438,'2020-04-02 13:25:12','2020-04-02 13:25:12',NULL,'Store',6,'categories','store'),(439,'2020-04-02 13:25:12','2020-04-02 13:25:12',NULL,'Update',6,'categories','update'),(440,'2020-04-02 13:25:12','2020-04-02 13:25:12',NULL,'QuickEdit',6,'categories','update'),(441,'2020-04-02 13:25:12','2020-04-02 13:25:12',NULL,'Active',6,'categories','update'),(442,'2020-04-02 13:25:12','2020-04-02 13:25:12',NULL,'DeActive',6,'categories','update'),(443,'2020-04-02 13:25:12','2020-04-02 13:25:12',NULL,'Trash',6,'categories','update'),(444,'2020-04-02 13:25:12','2020-04-02 13:25:12',NULL,'BulkActive',6,'categories','update'),(445,'2020-04-02 13:25:12','2020-04-02 13:25:12',NULL,'BulkDeActive',6,'categories','update'),(446,'2020-04-02 13:25:12','2020-04-02 13:25:12',NULL,'BulkTrash',6,'categories','update'),(447,'2020-04-02 13:25:12','2020-04-02 13:25:12',NULL,'Delete',6,'categories','delete'),(448,'2020-04-02 13:25:12','2020-04-02 13:25:12',NULL,'BulkDelete',6,'categories','delete'),(449,'2020-04-02 13:25:12','2020-04-02 13:25:12',NULL,'Index',6,'categories','index'),(450,'2020-04-02 13:25:12','2020-04-02 13:25:12',NULL,'Show',6,'categories','index'),(451,'2020-04-02 13:25:12','2020-04-02 13:25:12',NULL,'Status',6,'categories','index'),(452,'2020-04-02 13:25:12','2020-04-02 13:25:12',NULL,'GetAllCategories',6,'categories','index'),(453,'2020-04-02 13:25:12','2020-04-02 13:25:12',NULL,'Index',6,'faqs','index'),(454,'2020-04-02 13:25:12','2020-04-02 13:25:12',NULL,'Show',6,'faqs','index'),(455,'2020-04-02 13:25:12','2020-04-02 13:25:12',NULL,'ShowFaq',6,'faqs','index'),(456,'2020-04-02 13:25:12','2020-04-02 13:25:12',NULL,'Status',6,'faqs','index'),(457,'2020-04-02 13:25:12','2020-04-02 13:25:12',NULL,'GetAllFaqs',6,'faqs','index'),(458,'2020-04-02 13:25:12','2020-04-02 13:25:12',NULL,'Store',6,'faqs','store'),(459,'2020-04-02 13:25:12','2020-04-02 13:25:12',NULL,'StoreFaqWithAnswers',6,'faqs','store'),(460,'2020-04-02 13:25:12','2020-04-02 13:25:12',NULL,'Update',6,'faqs','update'),(461,'2020-04-02 13:25:12','2020-04-02 13:25:12',NULL,'UpdateFaqWithAnswers',6,'faqs','update'),(462,'2020-04-02 13:25:12','2020-04-02 13:25:12',NULL,'QuickEdit',6,'faqs','update'),(463,'2020-04-02 13:25:12','2020-04-02 13:25:12',NULL,'Active',6,'faqs','update'),(464,'2020-04-02 13:25:12','2020-04-02 13:25:12',NULL,'DeActive',6,'faqs','update'),(465,'2020-04-02 13:25:12','2020-04-02 13:25:12',NULL,'Trash',6,'faqs','update'),(466,'2020-04-02 13:25:12','2020-04-02 13:25:12',NULL,'BulkActive',6,'faqs','update'),(467,'2020-04-02 13:25:12','2020-04-02 13:25:12',NULL,'BulkDeActive',6,'faqs','update'),(468,'2020-04-02 13:25:12','2020-04-02 13:25:12',NULL,'BulkTrash',6,'faqs','update'),(469,'2020-04-02 13:25:12','2020-04-02 13:25:12',NULL,'Delete',6,'faqs','delete'),(470,'2020-04-02 13:25:12','2020-04-02 13:25:12',NULL,'BulkDelete',6,'faqs','delete'),(471,'2020-04-02 13:25:12','2020-04-02 13:25:12',NULL,'Store',6,'images','store'),(472,'2020-04-02 13:25:12','2020-04-02 13:25:12',NULL,'Delete',6,'images','delete'),(473,'2020-04-02 13:25:12','2020-04-02 13:25:12',NULL,'Index',6,'pages','index'),(474,'2020-04-02 13:25:12','2020-04-02 13:25:12',NULL,'Show',6,'pages','index'),(475,'2020-04-02 13:25:12','2020-04-02 13:25:12',NULL,'Status',6,'pages','index'),(476,'2020-04-02 13:25:12','2020-04-02 13:25:12',NULL,'GetAllPages',6,'pages','index'),(477,'2020-04-02 13:25:12','2020-04-02 13:25:12',NULL,'Store',6,'pages','store'),(478,'2020-04-02 13:25:12','2020-04-02 13:25:12',NULL,'Update',6,'pages','update'),(479,'2020-04-02 13:25:12','2020-04-02 13:25:12',NULL,'QuickEdit',6,'pages','update'),(480,'2020-04-02 13:25:12','2020-04-02 13:25:12',NULL,'Active',6,'pages','update'),(481,'2020-04-02 13:25:12','2020-04-02 13:25:12',NULL,'DeActive',6,'pages','update'),(482,'2020-04-02 13:25:12','2020-04-02 13:25:12',NULL,'Trash',6,'pages','update'),(483,'2020-04-02 13:25:12','2020-04-02 13:25:12',NULL,'BulkActive',6,'pages','update'),(484,'2020-04-02 13:25:12','2020-04-02 13:25:12',NULL,'BulkDeActive',6,'pages','update'),(485,'2020-04-02 13:25:12','2020-04-02 13:25:12',NULL,'BulkTrash',6,'pages','update'),(486,'2020-04-02 13:25:12','2020-04-02 13:25:12',NULL,'Delete',6,'pages','delete'),(487,'2020-04-02 13:25:12','2020-04-02 13:25:12',NULL,'BulkDelete',6,'pages','delete'),(488,'2020-04-02 13:25:12','2020-04-02 13:25:12',NULL,'Index',6,'permission_groups','index'),(489,'2020-04-02 13:25:12','2020-04-02 13:25:12',NULL,'Show',6,'permission_groups','index'),(490,'2020-04-02 13:25:12','2020-04-02 13:25:12',NULL,'GetAllPermissionGroups',6,'permission_groups','index'),(491,'2020-04-02 13:25:12','2020-04-02 13:25:12',NULL,'Status',6,'permission_groups','index'),(492,'2020-04-02 13:25:12','2020-04-02 13:25:12',NULL,'Store',6,'permission_groups','store'),(493,'2020-04-02 13:25:12','2020-04-02 13:25:12',NULL,'Update',6,'permission_groups','update'),(494,'2020-04-02 13:25:12','2020-04-02 13:25:12',NULL,'QuickEdit',6,'permission_groups','update'),(495,'2020-04-02 13:25:12','2020-04-02 13:25:12',NULL,'Active',6,'permission_groups','update'),(496,'2020-04-02 13:25:12','2020-04-02 13:25:12',NULL,'DeActive',6,'permission_groups','update'),(497,'2020-04-02 13:25:12','2020-04-02 13:25:12',NULL,'Trash',6,'permission_groups','update'),(498,'2020-04-02 13:25:12','2020-04-02 13:25:12',NULL,'BulkActive',6,'permission_groups','update'),(499,'2020-04-02 13:25:12','2020-04-02 13:25:12',NULL,'BulkDeActive',6,'permission_groups','update'),(500,'2020-04-02 13:25:12','2020-04-02 13:25:12',NULL,'BulkTrash',6,'permission_groups','update'),(501,'2020-04-02 13:25:12','2020-04-02 13:25:12',NULL,'Delete',6,'permission_groups','delete'),(502,'2020-04-02 13:25:12','2020-04-02 13:25:12',NULL,'BulkDelete',6,'permission_groups','delete'),(503,'2020-04-02 13:25:12','2020-04-02 13:25:12',NULL,'Index',6,'settings','index'),(504,'2020-04-02 13:25:12','2020-04-02 13:25:12',NULL,'Show',6,'settings','index'),(505,'2020-04-02 13:25:12','2020-04-02 13:25:12',NULL,'Status',6,'settings','index'),(506,'2020-04-02 13:25:12','2020-04-02 13:25:12',NULL,'Update',6,'settings','update'),(507,'2020-04-02 13:25:12','2020-04-02 13:25:12',NULL,'Store',6,'users','store'),(508,'2020-04-02 13:25:12','2020-04-02 13:25:12',NULL,'Update',6,'users','update'),(509,'2020-04-02 13:25:12','2020-04-02 13:25:12',NULL,'QuickEdit',6,'users','update'),(510,'2020-04-02 13:25:12','2020-04-02 13:25:12',NULL,'Active',6,'users','update'),(511,'2020-04-02 13:25:12','2020-04-02 13:25:12',NULL,'DeActive',6,'users','update'),(512,'2020-04-02 13:25:12','2020-04-02 13:25:12',NULL,'Trash',6,'users','update'),(513,'2020-04-02 13:25:12','2020-04-02 13:25:12',NULL,'Block',6,'users','update'),(514,'2020-04-02 13:25:12','2020-04-02 13:25:12',NULL,'BulkActive',6,'users','update'),(515,'2020-04-02 13:25:12','2020-04-02 13:25:12',NULL,'BulkDeActive',6,'users','update'),(516,'2020-04-02 13:25:12','2020-04-02 13:25:12',NULL,'BulkTrash',6,'users','update'),(517,'2020-04-02 13:25:12','2020-04-02 13:25:12',NULL,'BulkBlock',6,'users','update'),(518,'2020-04-02 13:25:12','2020-04-02 13:25:12',NULL,'Delete',6,'users','delete'),(519,'2020-04-02 13:25:12','2020-04-02 13:25:12',NULL,'BulkDelete',6,'users','delete'),(520,'2020-04-02 13:25:12','2020-04-02 13:25:12',NULL,'Index',6,'users','index'),(521,'2020-04-02 13:25:12','2020-04-02 13:25:12',NULL,'Show',6,'users','index'),(522,'2020-04-02 13:25:12','2020-04-02 13:25:12',NULL,'Status',6,'users','index'),(523,'2020-04-02 13:25:12','2020-04-02 13:25:12',NULL,'StoreAnswer',7,'answers','store'),(524,'2020-04-02 13:25:12','2020-04-02 13:25:12',NULL,'UpdateAnswer',7,'answers','update'),(525,'2020-04-02 13:25:12','2020-04-02 13:25:12',NULL,'Store',7,'categories','store'),(526,'2020-04-02 13:25:12','2020-04-02 13:25:12',NULL,'Update',7,'categories','update'),(527,'2020-04-02 13:25:12','2020-04-02 13:25:12',NULL,'QuickEdit',7,'categories','update'),(528,'2020-04-02 13:25:12','2020-04-02 13:25:12',NULL,'Active',7,'categories','update'),(529,'2020-04-02 13:25:12','2020-04-02 13:25:12',NULL,'DeActive',7,'categories','update'),(530,'2020-04-02 13:25:12','2020-04-02 13:25:12',NULL,'Trash',7,'categories','update'),(531,'2020-04-02 13:25:12','2020-04-02 13:25:12',NULL,'BulkActive',7,'categories','update'),(532,'2020-04-02 13:25:12','2020-04-02 13:25:12',NULL,'BulkDeActive',7,'categories','update'),(533,'2020-04-02 13:25:12','2020-04-02 13:25:12',NULL,'BulkTrash',7,'categories','update'),(534,'2020-04-02 13:25:12','2020-04-02 13:25:12',NULL,'Delete',7,'categories','delete'),(535,'2020-04-02 13:25:12','2020-04-02 13:25:12',NULL,'BulkDelete',7,'categories','delete'),(536,'2020-04-02 13:25:12','2020-04-02 13:25:12',NULL,'Index',7,'categories','index'),(537,'2020-04-02 13:25:12','2020-04-02 13:25:12',NULL,'Show',7,'categories','index'),(538,'2020-04-02 13:25:12','2020-04-02 13:25:12',NULL,'Status',7,'categories','index'),(539,'2020-04-02 13:25:12','2020-04-02 13:25:12',NULL,'GetAllCategories',7,'categories','index'),(540,'2020-04-02 13:25:12','2020-04-02 13:25:12',NULL,'Index',7,'faqs','index'),(541,'2020-04-02 13:25:12','2020-04-02 13:25:12',NULL,'Show',7,'faqs','index'),(542,'2020-04-02 13:25:12','2020-04-02 13:25:12',NULL,'ShowFaq',7,'faqs','index'),(543,'2020-04-02 13:25:12','2020-04-02 13:25:12',NULL,'Status',7,'faqs','index'),(544,'2020-04-02 13:25:12','2020-04-02 13:25:12',NULL,'GetAllFaqs',7,'faqs','index'),(545,'2020-04-02 13:25:12','2020-04-02 13:25:12',NULL,'Store',7,'faqs','store'),(546,'2020-04-02 13:25:12','2020-04-02 13:25:12',NULL,'StoreFaqWithAnswers',7,'faqs','store'),(547,'2020-04-02 13:25:12','2020-04-02 13:25:12',NULL,'Update',7,'faqs','update'),(548,'2020-04-02 13:25:12','2020-04-02 13:25:12',NULL,'UpdateFaqWithAnswers',7,'faqs','update'),(549,'2020-04-02 13:25:12','2020-04-02 13:25:12',NULL,'QuickEdit',7,'faqs','update'),(550,'2020-04-02 13:25:12','2020-04-02 13:25:12',NULL,'Active',7,'faqs','update'),(551,'2020-04-02 13:25:12','2020-04-02 13:25:12',NULL,'DeActive',7,'faqs','update'),(552,'2020-04-02 13:25:12','2020-04-02 13:25:12',NULL,'Trash',7,'faqs','update'),(553,'2020-04-02 13:25:12','2020-04-02 13:25:12',NULL,'BulkActive',7,'faqs','update'),(554,'2020-04-02 13:25:12','2020-04-02 13:25:12',NULL,'BulkDeActive',7,'faqs','update'),(555,'2020-04-02 13:25:13','2020-04-02 13:25:13',NULL,'BulkTrash',7,'faqs','update'),(556,'2020-04-02 13:25:13','2020-04-02 13:25:13',NULL,'Delete',7,'faqs','delete'),(557,'2020-04-02 13:25:13','2020-04-02 13:25:13',NULL,'BulkDelete',7,'faqs','delete'),(558,'2020-04-02 13:25:13','2020-04-02 13:25:13',NULL,'Store',7,'images','store'),(559,'2020-04-02 13:25:13','2020-04-02 13:25:13',NULL,'Delete',7,'images','delete'),(560,'2020-04-02 13:25:13','2020-04-02 13:25:13',NULL,'Store',7,'pages','store'),(561,'2020-04-02 13:25:13','2020-04-02 13:25:13',NULL,'Update',7,'pages','update'),(562,'2020-04-02 13:25:13','2020-04-02 13:25:13',NULL,'QuickEdit',7,'pages','update'),(563,'2020-04-02 13:25:13','2020-04-02 13:25:13',NULL,'Active',7,'pages','update'),(564,'2020-04-02 13:25:13','2020-04-02 13:25:13',NULL,'DeActive',7,'pages','update'),(565,'2020-04-02 13:25:13','2020-04-02 13:25:13',NULL,'Trash',7,'pages','update'),(566,'2020-04-02 13:25:13','2020-04-02 13:25:13',NULL,'BulkActive',7,'pages','update'),(567,'2020-04-02 13:25:13','2020-04-02 13:25:13',NULL,'BulkDeActive',7,'pages','update'),(568,'2020-04-02 13:25:13','2020-04-02 13:25:13',NULL,'BulkTrash',7,'pages','update'),(569,'2020-04-02 13:25:13','2020-04-02 13:25:13',NULL,'Delete',7,'pages','delete'),(570,'2020-04-02 13:25:13','2020-04-02 13:25:13',NULL,'BulkDelete',7,'pages','delete'),(571,'2020-04-02 13:25:13','2020-04-02 13:25:13',NULL,'Index',7,'pages','index'),(572,'2020-04-02 13:25:13','2020-04-02 13:25:13',NULL,'Show',7,'pages','index'),(573,'2020-04-02 13:25:13','2020-04-02 13:25:13',NULL,'Status',7,'pages','index'),(574,'2020-04-02 13:25:13','2020-04-02 13:25:13',NULL,'GetAllPages',7,'pages','index'),(575,'2020-04-02 13:25:13','2020-04-02 13:25:13',NULL,'Index',7,'permission_groups','index'),(576,'2020-04-02 13:25:13','2020-04-02 13:25:13',NULL,'Show',7,'permission_groups','index'),(577,'2020-04-02 13:25:13','2020-04-02 13:25:13',NULL,'GetAllPermissionGroups',7,'permission_groups','index'),(578,'2020-04-02 13:25:13','2020-04-02 13:25:13',NULL,'Status',7,'permission_groups','index'),(579,'2020-04-02 13:25:13','2020-04-02 13:25:13',NULL,'Store',7,'permission_groups','store'),(580,'2020-04-02 13:25:13','2020-04-02 13:25:13',NULL,'Update',7,'permission_groups','update'),(581,'2020-04-02 13:25:13','2020-04-02 13:25:13',NULL,'QuickEdit',7,'permission_groups','update'),(582,'2020-04-02 13:25:13','2020-04-02 13:25:13',NULL,'Active',7,'permission_groups','update'),(583,'2020-04-02 13:25:13','2020-04-02 13:25:13',NULL,'DeActive',7,'permission_groups','update'),(584,'2020-04-02 13:25:13','2020-04-02 13:25:13',NULL,'Trash',7,'permission_groups','update'),(585,'2020-04-02 13:25:13','2020-04-02 13:25:13',NULL,'BulkActive',7,'permission_groups','update'),(586,'2020-04-02 13:25:13','2020-04-02 13:25:13',NULL,'BulkDeActive',7,'permission_groups','update'),(587,'2020-04-02 13:25:13','2020-04-02 13:25:13',NULL,'BulkTrash',7,'permission_groups','update'),(588,'2020-04-02 13:25:13','2020-04-02 13:25:13',NULL,'Delete',7,'permission_groups','delete'),(589,'2020-04-02 13:25:13','2020-04-02 13:25:13',NULL,'BulkDelete',7,'permission_groups','delete'),(590,'2020-04-02 13:25:13','2020-04-02 13:25:13',NULL,'Index',7,'settings','index'),(591,'2020-04-02 13:25:13','2020-04-02 13:25:13',NULL,'Show',7,'settings','index'),(592,'2020-04-02 13:25:13','2020-04-02 13:25:13',NULL,'Status',7,'settings','index'),(593,'2020-04-02 13:25:13','2020-04-02 13:25:13',NULL,'Update',7,'settings','update'),(594,'2020-04-02 13:25:13','2020-04-02 13:25:13',NULL,'Index',7,'users','index'),(595,'2020-04-02 13:25:13','2020-04-02 13:25:13',NULL,'Show',7,'users','index'),(596,'2020-04-02 13:25:13','2020-04-02 13:25:13',NULL,'Status',7,'users','index'),(597,'2020-04-02 13:25:13','2020-04-02 13:25:13',NULL,'Store',7,'users','store'),(598,'2020-04-02 13:25:13','2020-04-02 13:25:13',NULL,'Update',7,'users','update'),(599,'2020-04-02 13:25:13','2020-04-02 13:25:13',NULL,'QuickEdit',7,'users','update'),(600,'2020-04-02 13:25:13','2020-04-02 13:25:13',NULL,'Active',7,'users','update'),(601,'2020-04-02 13:25:13','2020-04-02 13:25:13',NULL,'DeActive',7,'users','update'),(602,'2020-04-02 13:25:13','2020-04-02 13:25:13',NULL,'Trash',7,'users','update'),(603,'2020-04-02 13:25:13','2020-04-02 13:25:13',NULL,'Block',7,'users','update'),(604,'2020-04-02 13:25:13','2020-04-02 13:25:13',NULL,'BulkActive',7,'users','update'),(605,'2020-04-02 13:25:13','2020-04-02 13:25:13',NULL,'BulkDeActive',7,'users','update'),(606,'2020-04-02 13:25:13','2020-04-02 13:25:13',NULL,'BulkTrash',7,'users','update'),(607,'2020-04-02 13:25:13','2020-04-02 13:25:13',NULL,'BulkBlock',7,'users','update'),(608,'2020-04-02 13:25:13','2020-04-02 13:25:13',NULL,'Delete',7,'users','delete'),(609,'2020-04-02 13:25:13','2020-04-02 13:25:13',NULL,'BulkDelete',7,'users','delete'),(610,'2020-04-02 13:25:13','2020-04-02 13:25:13',NULL,'Store',8,'permission_groups','store'),(611,'2020-04-02 13:25:13','2020-04-02 13:25:13',NULL,'Update',8,'permission_groups','update'),(612,'2020-04-02 13:25:13','2020-04-02 13:25:13',NULL,'QuickEdit',8,'permission_groups','update'),(613,'2020-04-02 13:25:13','2020-04-02 13:25:13',NULL,'Active',8,'permission_groups','update'),(614,'2020-04-02 13:25:13','2020-04-02 13:25:13',NULL,'DeActive',8,'permission_groups','update'),(615,'2020-04-02 13:25:13','2020-04-02 13:25:13',NULL,'Trash',8,'permission_groups','update'),(616,'2020-04-02 13:25:13','2020-04-02 13:25:13',NULL,'BulkActive',8,'permission_groups','update'),(617,'2020-04-02 13:25:13','2020-04-02 13:25:13',NULL,'BulkDeActive',8,'permission_groups','update'),(618,'2020-04-02 13:25:13','2020-04-02 13:25:13',NULL,'BulkTrash',8,'permission_groups','update'),(619,'2020-04-02 13:25:13','2020-04-02 13:25:13',NULL,'Delete',8,'permission_groups','delete'),(620,'2020-04-02 13:25:13','2020-04-02 13:25:13',NULL,'BulkDelete',8,'permission_groups','delete'),(621,'2020-04-02 13:25:13','2020-04-02 13:25:13',NULL,'Index',8,'permission_groups','index'),(622,'2020-04-02 13:25:13','2020-04-02 13:25:13',NULL,'Show',8,'permission_groups','index'),(623,'2020-04-02 13:25:13','2020-04-02 13:25:13',NULL,'GetAllPermissionGroups',8,'permission_groups','index'),(624,'2020-04-02 13:25:13','2020-04-02 13:25:13',NULL,'Status',8,'permission_groups','index'),(625,'2020-04-02 13:25:13','2020-04-02 13:25:13',NULL,'Index',8,'settings','index'),(626,'2020-04-02 13:25:13','2020-04-02 13:25:13',NULL,'Show',8,'settings','index'),(627,'2020-04-02 13:25:13','2020-04-02 13:25:13',NULL,'Status',8,'settings','index'),(628,'2020-04-02 13:25:13','2020-04-02 13:25:13',NULL,'Update',8,'settings','update'),(629,'2020-04-02 13:25:13','2020-04-02 13:25:13',NULL,'Index',8,'users','index'),(630,'2020-04-02 13:25:13','2020-04-02 13:25:13',NULL,'Show',8,'users','index'),(631,'2020-04-02 13:25:13','2020-04-02 13:25:13',NULL,'Status',8,'users','index'),(632,'2020-04-02 13:25:13','2020-04-02 13:25:13',NULL,'Store',8,'users','store'),(633,'2020-04-02 13:25:13','2020-04-02 13:25:13',NULL,'Update',8,'users','update'),(634,'2020-04-02 13:25:13','2020-04-02 13:25:13',NULL,'QuickEdit',8,'users','update'),(635,'2020-04-02 13:25:13','2020-04-02 13:25:13',NULL,'Active',8,'users','update'),(636,'2020-04-02 13:25:13','2020-04-02 13:25:13',NULL,'DeActive',8,'users','update'),(637,'2020-04-02 13:25:13','2020-04-02 13:25:13',NULL,'Trash',8,'users','update'),(638,'2020-04-02 13:25:13','2020-04-02 13:25:13',NULL,'Block',8,'users','update'),(639,'2020-04-02 13:25:13','2020-04-02 13:25:13',NULL,'BulkActive',8,'users','update'),(640,'2020-04-02 13:25:13','2020-04-02 13:25:13',NULL,'BulkDeActive',8,'users','update'),(641,'2020-04-02 13:25:13','2020-04-02 13:25:13',NULL,'BulkTrash',8,'users','update'),(642,'2020-04-02 13:25:13','2020-04-02 13:25:13',NULL,'BulkBlock',8,'users','update'),(643,'2020-04-02 13:25:13','2020-04-02 13:25:13',NULL,'Delete',8,'users','delete'),(644,'2020-04-02 13:25:13','2020-04-02 13:25:13',NULL,'BulkDelete',8,'users','delete'),(645,'2020-04-02 13:25:13','2020-04-02 13:25:13',NULL,'StoreAnswer',8,'answers','store'),(646,'2020-04-02 13:25:13','2020-04-02 13:25:13',NULL,'UpdateAnswer',8,'answers','update'),(647,'2020-04-02 13:25:13','2020-04-02 13:25:13',NULL,'Store',8,'categories','store'),(648,'2020-04-02 13:25:13','2020-04-02 13:25:13',NULL,'Update',8,'categories','update'),(649,'2020-04-02 13:25:13','2020-04-02 13:25:13',NULL,'QuickEdit',8,'categories','update'),(650,'2020-04-02 13:25:13','2020-04-02 13:25:13',NULL,'Active',8,'categories','update'),(651,'2020-04-02 13:25:13','2020-04-02 13:25:13',NULL,'DeActive',8,'categories','update'),(652,'2020-04-02 13:25:13','2020-04-02 13:25:13',NULL,'Trash',8,'categories','update'),(653,'2020-04-02 13:25:13','2020-04-02 13:25:13',NULL,'BulkActive',8,'categories','update'),(654,'2020-04-02 13:25:13','2020-04-02 13:25:13',NULL,'BulkDeActive',8,'categories','update'),(655,'2020-04-02 13:25:13','2020-04-02 13:25:13',NULL,'BulkTrash',8,'categories','update'),(656,'2020-04-02 13:25:13','2020-04-02 13:25:13',NULL,'Delete',8,'categories','delete'),(657,'2020-04-02 13:25:13','2020-04-02 13:25:13',NULL,'BulkDelete',8,'categories','delete'),(658,'2020-04-02 13:25:13','2020-04-02 13:25:13',NULL,'Index',8,'categories','index'),(659,'2020-04-02 13:25:13','2020-04-02 13:25:13',NULL,'Show',8,'categories','index'),(660,'2020-04-02 13:25:13','2020-04-02 13:25:13',NULL,'Status',8,'categories','index'),(661,'2020-04-02 13:25:13','2020-04-02 13:25:13',NULL,'GetAllCategories',8,'categories','index'),(662,'2020-04-02 13:25:13','2020-04-02 13:25:13',NULL,'Index',8,'faqs','index'),(663,'2020-04-02 13:25:13','2020-04-02 13:25:13',NULL,'Show',8,'faqs','index'),(664,'2020-04-02 13:25:13','2020-04-02 13:25:13',NULL,'ShowFaq',8,'faqs','index'),(665,'2020-04-02 13:25:13','2020-04-02 13:25:13',NULL,'Status',8,'faqs','index'),(666,'2020-04-02 13:25:13','2020-04-02 13:25:13',NULL,'GetAllFaqs',8,'faqs','index'),(667,'2020-04-02 13:25:13','2020-04-02 13:25:13',NULL,'Store',8,'faqs','store'),(668,'2020-04-02 13:25:13','2020-04-02 13:25:13',NULL,'StoreFaqWithAnswers',8,'faqs','store'),(669,'2020-04-02 13:25:13','2020-04-02 13:25:13',NULL,'Update',8,'faqs','update'),(670,'2020-04-02 13:25:13','2020-04-02 13:25:13',NULL,'UpdateFaqWithAnswers',8,'faqs','update'),(671,'2020-04-02 13:25:13','2020-04-02 13:25:13',NULL,'QuickEdit',8,'faqs','update'),(672,'2020-04-02 13:25:13','2020-04-02 13:25:13',NULL,'Active',8,'faqs','update'),(673,'2020-04-02 13:25:13','2020-04-02 13:25:13',NULL,'DeActive',8,'faqs','update'),(674,'2020-04-02 13:25:13','2020-04-02 13:25:13',NULL,'Trash',8,'faqs','update'),(675,'2020-04-02 13:25:13','2020-04-02 13:25:13',NULL,'BulkActive',8,'faqs','update'),(676,'2020-04-02 13:25:13','2020-04-02 13:25:13',NULL,'BulkDeActive',8,'faqs','update'),(677,'2020-04-02 13:25:13','2020-04-02 13:25:13',NULL,'BulkTrash',8,'faqs','update'),(678,'2020-04-02 13:25:13','2020-04-02 13:25:13',NULL,'Delete',8,'faqs','delete'),(679,'2020-04-02 13:25:13','2020-04-02 13:25:13',NULL,'BulkDelete',8,'faqs','delete'),(680,'2020-04-02 13:25:13','2020-04-02 13:25:13',NULL,'Store',8,'images','store'),(681,'2020-04-02 13:25:13','2020-04-02 13:25:13',NULL,'Delete',8,'images','delete'),(682,'2020-04-02 13:25:13','2020-04-02 13:25:13',NULL,'Index',8,'pages','index'),(683,'2020-04-02 13:25:13','2020-04-02 13:25:13',NULL,'Show',8,'pages','index'),(684,'2020-04-02 13:25:13','2020-04-02 13:25:13',NULL,'Status',8,'pages','index'),(685,'2020-04-02 13:25:13','2020-04-02 13:25:13',NULL,'GetAllPages',8,'pages','index'),(686,'2020-04-02 13:25:13','2020-04-02 13:25:13',NULL,'Store',8,'pages','store'),(687,'2020-04-02 13:25:13','2020-04-02 13:25:13',NULL,'Update',8,'pages','update'),(688,'2020-04-02 13:25:13','2020-04-02 13:25:13',NULL,'QuickEdit',8,'pages','update'),(689,'2020-04-02 13:25:13','2020-04-02 13:25:13',NULL,'Active',8,'pages','update'),(690,'2020-04-02 13:25:13','2020-04-02 13:25:13',NULL,'DeActive',8,'pages','update'),(691,'2020-04-02 13:25:13','2020-04-02 13:25:13',NULL,'Trash',8,'pages','update'),(692,'2020-04-02 13:25:13','2020-04-02 13:25:13',NULL,'BulkActive',8,'pages','update'),(693,'2020-04-02 13:25:13','2020-04-02 13:25:13',NULL,'BulkDeActive',8,'pages','update'),(694,'2020-04-02 13:25:13','2020-04-02 13:25:13',NULL,'BulkTrash',8,'pages','update'),(695,'2020-04-02 13:25:13','2020-04-02 13:25:13',NULL,'Delete',8,'pages','delete'),(696,'2020-04-02 13:25:13','2020-04-02 13:25:13',NULL,'BulkDelete',8,'pages','delete'),(697,'2020-04-02 13:25:13','2020-04-02 13:25:13',NULL,'StoreAnswer',9,'answers','store'),(698,'2020-04-02 13:25:13','2020-04-02 13:25:13',NULL,'UpdateAnswer',9,'answers','update'),(699,'2020-04-02 13:25:13','2020-04-02 13:25:13',NULL,'Index',9,'categories','index'),(700,'2020-04-02 13:25:13','2020-04-02 13:25:13',NULL,'Show',9,'categories','index'),(701,'2020-04-02 13:25:13','2020-04-02 13:25:13',NULL,'Status',9,'categories','index'),(702,'2020-04-02 13:25:13','2020-04-02 13:25:13',NULL,'GetAllCategories',9,'categories','index'),(703,'2020-04-02 13:25:13','2020-04-02 13:25:13',NULL,'Store',9,'categories','store'),(704,'2020-04-02 13:25:13','2020-04-02 13:25:13',NULL,'Update',9,'categories','update'),(705,'2020-04-02 13:25:13','2020-04-02 13:25:13',NULL,'QuickEdit',9,'categories','update'),(706,'2020-04-02 13:25:13','2020-04-02 13:25:13',NULL,'Active',9,'categories','update'),(707,'2020-04-02 13:25:13','2020-04-02 13:25:13',NULL,'DeActive',9,'categories','update'),(708,'2020-04-02 13:25:13','2020-04-02 13:25:13',NULL,'Trash',9,'categories','update'),(709,'2020-04-02 13:25:13','2020-04-02 13:25:13',NULL,'BulkActive',9,'categories','update'),(710,'2020-04-02 13:25:13','2020-04-02 13:25:13',NULL,'BulkDeActive',9,'categories','update'),(711,'2020-04-02 13:25:13','2020-04-02 13:25:13',NULL,'BulkTrash',9,'categories','update'),(712,'2020-04-02 13:25:13','2020-04-02 13:25:13',NULL,'Delete',9,'categories','delete'),(713,'2020-04-02 13:25:13','2020-04-02 13:25:13',NULL,'BulkDelete',9,'categories','delete'),(714,'2020-04-02 13:25:13','2020-04-02 13:25:13',NULL,'Index',9,'faqs','index'),(715,'2020-04-02 13:25:13','2020-04-02 13:25:13',NULL,'Show',9,'faqs','index'),(716,'2020-04-02 13:25:13','2020-04-02 13:25:13',NULL,'ShowFaq',9,'faqs','index'),(717,'2020-04-02 13:25:13','2020-04-02 13:25:13',NULL,'Status',9,'faqs','index'),(718,'2020-04-02 13:25:13','2020-04-02 13:25:13',NULL,'GetAllFaqs',9,'faqs','index'),(719,'2020-04-02 13:25:13','2020-04-02 13:25:13',NULL,'Store',9,'faqs','store'),(720,'2020-04-02 13:25:13','2020-04-02 13:25:13',NULL,'StoreFaqWithAnswers',9,'faqs','store'),(721,'2020-04-02 13:25:13','2020-04-02 13:25:13',NULL,'Update',9,'faqs','update'),(722,'2020-04-02 13:25:13','2020-04-02 13:25:13',NULL,'UpdateFaqWithAnswers',9,'faqs','update'),(723,'2020-04-02 13:25:13','2020-04-02 13:25:13',NULL,'QuickEdit',9,'faqs','update'),(724,'2020-04-02 13:25:13','2020-04-02 13:25:13',NULL,'Active',9,'faqs','update'),(725,'2020-04-02 13:25:13','2020-04-02 13:25:13',NULL,'DeActive',9,'faqs','update'),(726,'2020-04-02 13:25:13','2020-04-02 13:25:13',NULL,'Trash',9,'faqs','update'),(727,'2020-04-02 13:25:13','2020-04-02 13:25:13',NULL,'BulkActive',9,'faqs','update'),(728,'2020-04-02 13:25:13','2020-04-02 13:25:13',NULL,'BulkDeActive',9,'faqs','update'),(729,'2020-04-02 13:25:13','2020-04-02 13:25:13',NULL,'BulkTrash',9,'faqs','update'),(730,'2020-04-02 13:25:13','2020-04-02 13:25:13',NULL,'Delete',9,'faqs','delete'),(731,'2020-04-02 13:25:13','2020-04-02 13:25:13',NULL,'BulkDelete',9,'faqs','delete'),(732,'2020-04-02 13:25:13','2020-04-02 13:25:13',NULL,'Store',9,'images','store'),(733,'2020-04-02 13:25:13','2020-04-02 13:25:13',NULL,'Delete',9,'images','delete'),(734,'2020-04-02 13:25:13','2020-04-02 13:25:13',NULL,'Index',9,'pages','index'),(735,'2020-04-02 13:25:13','2020-04-02 13:25:13',NULL,'Show',9,'pages','index'),(736,'2020-04-02 13:25:13','2020-04-02 13:25:13',NULL,'Status',9,'pages','index'),(737,'2020-04-02 13:25:13','2020-04-02 13:25:13',NULL,'GetAllPages',9,'pages','index'),(738,'2020-04-02 13:25:13','2020-04-02 13:25:13',NULL,'Store',9,'pages','store'),(739,'2020-04-02 13:25:13','2020-04-02 13:25:13',NULL,'Update',9,'pages','update'),(740,'2020-04-02 13:25:13','2020-04-02 13:25:13',NULL,'QuickEdit',9,'pages','update'),(741,'2020-04-02 13:25:13','2020-04-02 13:25:13',NULL,'Active',9,'pages','update'),(742,'2020-04-02 13:25:13','2020-04-02 13:25:13',NULL,'DeActive',9,'pages','update'),(743,'2020-04-02 13:25:13','2020-04-02 13:25:13',NULL,'Trash',9,'pages','update'),(744,'2020-04-02 13:25:13','2020-04-02 13:25:13',NULL,'BulkActive',9,'pages','update'),(745,'2020-04-02 13:25:13','2020-04-02 13:25:13',NULL,'BulkDeActive',9,'pages','update'),(746,'2020-04-02 13:25:13','2020-04-02 13:25:13',NULL,'BulkTrash',9,'pages','update'),(747,'2020-04-02 13:25:13','2020-04-02 13:25:13',NULL,'Delete',9,'pages','delete'),(748,'2020-04-02 13:25:13','2020-04-02 13:25:13',NULL,'BulkDelete',9,'pages','delete'),(749,'2020-04-02 13:25:13','2020-04-02 13:25:13',NULL,'Delete',9,'permission_groups','delete'),(750,'2020-04-02 13:25:13','2020-04-02 13:25:13',NULL,'BulkDelete',9,'permission_groups','delete'),(751,'2020-04-02 13:25:13','2020-04-02 13:25:13',NULL,'Index',9,'permission_groups','index'),(752,'2020-04-02 13:25:13','2020-04-02 13:25:13',NULL,'Show',9,'permission_groups','index'),(753,'2020-04-02 13:25:13','2020-04-02 13:25:13',NULL,'GetAllPermissionGroups',9,'permission_groups','index'),(754,'2020-04-02 13:25:13','2020-04-02 13:25:13',NULL,'Status',9,'permission_groups','index'),(755,'2020-04-02 13:25:13','2020-04-02 13:25:13',NULL,'Store',9,'permission_groups','store'),(756,'2020-04-02 13:25:13','2020-04-02 13:25:13',NULL,'Update',9,'permission_groups','update'),(757,'2020-04-02 13:25:13','2020-04-02 13:25:13',NULL,'QuickEdit',9,'permission_groups','update'),(758,'2020-04-02 13:25:13','2020-04-02 13:25:13',NULL,'Active',9,'permission_groups','update'),(759,'2020-04-02 13:25:13','2020-04-02 13:25:13',NULL,'DeActive',9,'permission_groups','update'),(760,'2020-04-02 13:25:13','2020-04-02 13:25:13',NULL,'Trash',9,'permission_groups','update'),(761,'2020-04-02 13:25:13','2020-04-02 13:25:13',NULL,'BulkActive',9,'permission_groups','update'),(762,'2020-04-02 13:25:13','2020-04-02 13:25:13',NULL,'BulkDeActive',9,'permission_groups','update'),(763,'2020-04-02 13:25:13','2020-04-02 13:25:13',NULL,'BulkTrash',9,'permission_groups','update'),(764,'2020-04-02 13:25:13','2020-04-02 13:25:13',NULL,'Index',9,'settings','index'),(765,'2020-04-02 13:25:13','2020-04-02 13:25:13',NULL,'Show',9,'settings','index'),(766,'2020-04-02 13:25:13','2020-04-02 13:25:13',NULL,'Status',9,'settings','index'),(767,'2020-04-02 13:25:13','2020-04-02 13:25:13',NULL,'Update',9,'settings','update'),(768,'2020-04-02 13:25:13','2020-04-02 13:25:13',NULL,'Delete',9,'users','delete'),(769,'2020-04-02 13:25:13','2020-04-02 13:25:13',NULL,'BulkDelete',9,'users','delete'),(770,'2020-04-02 13:25:13','2020-04-02 13:25:13',NULL,'Index',9,'users','index'),(771,'2020-04-02 13:25:13','2020-04-02 13:25:13',NULL,'Show',9,'users','index'),(772,'2020-04-02 13:25:13','2020-04-02 13:25:13',NULL,'Status',9,'users','index'),(773,'2020-04-02 13:25:13','2020-04-02 13:25:13',NULL,'Store',9,'users','store'),(774,'2020-04-02 13:25:13','2020-04-02 13:25:13',NULL,'Update',9,'users','update'),(775,'2020-04-02 13:25:13','2020-04-02 13:25:13',NULL,'QuickEdit',9,'users','update'),(776,'2020-04-02 13:25:13','2020-04-02 13:25:13',NULL,'Active',9,'users','update'),(777,'2020-04-02 13:25:13','2020-04-02 13:25:13',NULL,'DeActive',9,'users','update'),(778,'2020-04-02 13:25:13','2020-04-02 13:25:13',NULL,'Trash',9,'users','update'),(779,'2020-04-02 13:25:13','2020-04-02 13:25:13',NULL,'Block',9,'users','update'),(780,'2020-04-02 13:25:13','2020-04-02 13:25:13',NULL,'BulkActive',9,'users','update'),(781,'2020-04-02 13:25:13','2020-04-02 13:25:13',NULL,'BulkDeActive',9,'users','update'),(782,'2020-04-02 13:25:13','2020-04-02 13:25:13',NULL,'BulkTrash',9,'users','update'),(783,'2020-04-02 13:25:13','2020-04-02 13:25:13',NULL,'BulkBlock',9,'users','update'),(784,'2020-04-02 13:25:13','2020-04-02 13:25:13',NULL,'StoreAnswer',10,'answers','store'),(785,'2020-04-02 13:25:13','2020-04-02 13:25:13',NULL,'UpdateAnswer',10,'answers','update'),(786,'2020-04-02 13:25:13','2020-04-02 13:25:13',NULL,'Index',10,'categories','index'),(787,'2020-04-02 13:25:13','2020-04-02 13:25:13',NULL,'Show',10,'categories','index'),(788,'2020-04-02 13:25:13','2020-04-02 13:25:13',NULL,'Status',10,'categories','index'),(789,'2020-04-02 13:25:13','2020-04-02 13:25:13',NULL,'GetAllCategories',10,'categories','index'),(790,'2020-04-02 13:25:13','2020-04-02 13:25:13',NULL,'Store',10,'categories','store'),(791,'2020-04-02 13:25:13','2020-04-02 13:25:13',NULL,'Update',10,'categories','update'),(792,'2020-04-02 13:25:13','2020-04-02 13:25:13',NULL,'QuickEdit',10,'categories','update'),(793,'2020-04-02 13:25:13','2020-04-02 13:25:13',NULL,'Active',10,'categories','update'),(794,'2020-04-02 13:25:13','2020-04-02 13:25:13',NULL,'DeActive',10,'categories','update'),(795,'2020-04-02 13:25:13','2020-04-02 13:25:13',NULL,'Trash',10,'categories','update'),(796,'2020-04-02 13:25:13','2020-04-02 13:25:13',NULL,'BulkActive',10,'categories','update'),(797,'2020-04-02 13:25:13','2020-04-02 13:25:13',NULL,'BulkDeActive',10,'categories','update'),(798,'2020-04-02 13:25:13','2020-04-02 13:25:13',NULL,'BulkTrash',10,'categories','update'),(799,'2020-04-02 13:25:13','2020-04-02 13:25:13',NULL,'Delete',10,'categories','delete'),(800,'2020-04-02 13:25:13','2020-04-02 13:25:13',NULL,'BulkDelete',10,'categories','delete'),(801,'2020-04-02 13:25:13','2020-04-02 13:25:13',NULL,'Index',10,'faqs','index'),(802,'2020-04-02 13:25:13','2020-04-02 13:25:13',NULL,'Show',10,'faqs','index'),(803,'2020-04-02 13:25:13','2020-04-02 13:25:13',NULL,'ShowFaq',10,'faqs','index'),(804,'2020-04-02 13:25:13','2020-04-02 13:25:13',NULL,'Status',10,'faqs','index'),(805,'2020-04-02 13:25:13','2020-04-02 13:25:13',NULL,'GetAllFaqs',10,'faqs','index'),(806,'2020-04-02 13:25:13','2020-04-02 13:25:13',NULL,'Store',10,'faqs','store'),(807,'2020-04-02 13:25:13','2020-04-02 13:25:13',NULL,'StoreFaqWithAnswers',10,'faqs','store'),(808,'2020-04-02 13:25:13','2020-04-02 13:25:13',NULL,'Update',10,'faqs','update'),(809,'2020-04-02 13:25:13','2020-04-02 13:25:13',NULL,'UpdateFaqWithAnswers',10,'faqs','update'),(810,'2020-04-02 13:25:13','2020-04-02 13:25:13',NULL,'QuickEdit',10,'faqs','update'),(811,'2020-04-02 13:25:13','2020-04-02 13:25:13',NULL,'Active',10,'faqs','update'),(812,'2020-04-02 13:25:13','2020-04-02 13:25:13',NULL,'DeActive',10,'faqs','update'),(813,'2020-04-02 13:25:13','2020-04-02 13:25:13',NULL,'Trash',10,'faqs','update'),(814,'2020-04-02 13:25:13','2020-04-02 13:25:13',NULL,'BulkActive',10,'faqs','update'),(815,'2020-04-02 13:25:13','2020-04-02 13:25:13',NULL,'BulkDeActive',10,'faqs','update'),(816,'2020-04-02 13:25:13','2020-04-02 13:25:13',NULL,'BulkTrash',10,'faqs','update'),(817,'2020-04-02 13:25:13','2020-04-02 13:25:13',NULL,'Delete',10,'faqs','delete'),(818,'2020-04-02 13:25:13','2020-04-02 13:25:13',NULL,'BulkDelete',10,'faqs','delete'),(819,'2020-04-02 13:25:13','2020-04-02 13:25:13',NULL,'Store',10,'images','store'),(820,'2020-04-02 13:25:13','2020-04-02 13:25:13',NULL,'Delete',10,'images','delete'),(821,'2020-04-02 13:25:13','2020-04-02 13:25:13',NULL,'Index',10,'pages','index'),(822,'2020-04-02 13:25:13','2020-04-02 13:25:13',NULL,'Show',10,'pages','index'),(823,'2020-04-02 13:25:13','2020-04-02 13:25:13',NULL,'Status',10,'pages','index'),(824,'2020-04-02 13:25:13','2020-04-02 13:25:13',NULL,'GetAllPages',10,'pages','index'),(825,'2020-04-02 13:25:13','2020-04-02 13:25:13',NULL,'Store',10,'pages','store'),(826,'2020-04-02 13:25:13','2020-04-02 13:25:13',NULL,'Update',10,'pages','update'),(827,'2020-04-02 13:25:13','2020-04-02 13:25:13',NULL,'QuickEdit',10,'pages','update'),(828,'2020-04-02 13:25:13','2020-04-02 13:25:13',NULL,'Active',10,'pages','update'),(829,'2020-04-02 13:25:13','2020-04-02 13:25:13',NULL,'DeActive',10,'pages','update'),(830,'2020-04-02 13:25:13','2020-04-02 13:25:13',NULL,'Trash',10,'pages','update'),(831,'2020-04-02 13:25:13','2020-04-02 13:25:13',NULL,'BulkActive',10,'pages','update'),(832,'2020-04-02 13:25:13','2020-04-02 13:25:13',NULL,'BulkDeActive',10,'pages','update'),(833,'2020-04-02 13:25:13','2020-04-02 13:25:13',NULL,'BulkTrash',10,'pages','update'),(834,'2020-04-02 13:25:13','2020-04-02 13:25:13',NULL,'Delete',10,'pages','delete'),(835,'2020-04-02 13:25:13','2020-04-02 13:25:13',NULL,'BulkDelete',10,'pages','delete'),(836,'2020-04-02 13:25:13','2020-04-02 13:25:13',NULL,'Index',10,'permission_groups','index'),(837,'2020-04-02 13:25:13','2020-04-02 13:25:13',NULL,'Show',10,'permission_groups','index'),(838,'2020-04-02 13:25:13','2020-04-02 13:25:13',NULL,'GetAllPermissionGroups',10,'permission_groups','index'),(839,'2020-04-02 13:25:13','2020-04-02 13:25:13',NULL,'Status',10,'permission_groups','index'),(840,'2020-04-02 13:25:13','2020-04-02 13:25:13',NULL,'Store',10,'permission_groups','store'),(841,'2020-04-02 13:25:13','2020-04-02 13:25:13',NULL,'Update',10,'permission_groups','update'),(842,'2020-04-02 13:25:13','2020-04-02 13:25:13',NULL,'QuickEdit',10,'permission_groups','update'),(843,'2020-04-02 13:25:13','2020-04-02 13:25:13',NULL,'Active',10,'permission_groups','update'),(844,'2020-04-02 13:25:13','2020-04-02 13:25:13',NULL,'DeActive',10,'permission_groups','update'),(845,'2020-04-02 13:25:13','2020-04-02 13:25:13',NULL,'Trash',10,'permission_groups','update'),(846,'2020-04-02 13:25:13','2020-04-02 13:25:13',NULL,'BulkActive',10,'permission_groups','update'),(847,'2020-04-02 13:25:13','2020-04-02 13:25:13',NULL,'BulkDeActive',10,'permission_groups','update'),(848,'2020-04-02 13:25:13','2020-04-02 13:25:13',NULL,'BulkTrash',10,'permission_groups','update'),(849,'2020-04-02 13:25:13','2020-04-02 13:25:13',NULL,'Delete',10,'permission_groups','delete'),(850,'2020-04-02 13:25:13','2020-04-02 13:25:13',NULL,'BulkDelete',10,'permission_groups','delete'),(851,'2020-04-02 13:25:13','2020-04-02 13:25:13',NULL,'Index',10,'settings','index'),(852,'2020-04-02 13:25:13','2020-04-02 13:25:13',NULL,'Show',10,'settings','index'),(853,'2020-04-02 13:25:13','2020-04-02 13:25:13',NULL,'Status',10,'settings','index'),(854,'2020-04-02 13:25:13','2020-04-02 13:25:13',NULL,'Update',10,'settings','update'),(855,'2020-04-02 13:25:13','2020-04-02 13:25:13',NULL,'Index',10,'users','index'),(856,'2020-04-02 13:25:13','2020-04-02 13:25:13',NULL,'Show',10,'users','index'),(857,'2020-04-02 13:25:13','2020-04-02 13:25:13',NULL,'Status',10,'users','index'),(858,'2020-04-02 13:25:13','2020-04-02 13:25:13',NULL,'Store',10,'users','store'),(859,'2020-04-02 13:25:13','2020-04-02 13:25:13',NULL,'Update',10,'users','update'),(860,'2020-04-02 13:25:13','2020-04-02 13:25:13',NULL,'QuickEdit',10,'users','update'),(861,'2020-04-02 13:25:13','2020-04-02 13:25:13',NULL,'Active',10,'users','update'),(862,'2020-04-02 13:25:13','2020-04-02 13:25:13',NULL,'DeActive',10,'users','update'),(863,'2020-04-02 13:25:13','2020-04-02 13:25:13',NULL,'Trash',10,'users','update'),(864,'2020-04-02 13:25:13','2020-04-02 13:25:13',NULL,'Block',10,'users','update'),(865,'2020-04-02 13:25:13','2020-04-02 13:25:13',NULL,'BulkActive',10,'users','update'),(866,'2020-04-02 13:25:13','2020-04-02 13:25:13',NULL,'BulkDeActive',10,'users','update'),(867,'2020-04-02 13:25:13','2020-04-02 13:25:13',NULL,'BulkTrash',10,'users','update'),(868,'2020-04-02 13:25:13','2020-04-02 13:25:13',NULL,'BulkBlock',10,'users','update'),(869,'2020-04-02 13:25:13','2020-04-02 13:25:13',NULL,'Delete',10,'users','delete'),(870,'2020-04-02 13:25:13','2020-04-02 13:25:13',NULL,'BulkDelete',10,'users','delete');
/*!40000 ALTER TABLE `roles` ENABLE KEYS */;
UNLOCK TABLES;

--
-- Table structure for table `settings`
--

DROP TABLE IF EXISTS `settings`;
/*!40101 SET @saved_cs_client     = @@character_set_client */;
/*!40101 SET character_set_client = utf8 */;
CREATE TABLE `settings` (
  `id` int(10) unsigned NOT NULL AUTO_INCREMENT,
  `created_at` datetime DEFAULT NULL,
  `updated_at` datetime DEFAULT NULL,
  `deleted_at` datetime DEFAULT NULL,
  `name` varchar(100) DEFAULT NULL,
  `value` varchar(255) DEFAULT NULL,
  `status` varchar(20) DEFAULT NULL,
  `setting_type` varchar(20) DEFAULT NULL,
  `slug` varchar(50) DEFAULT NULL,
  PRIMARY KEY (`id`),
  KEY `idx_settings_deleted_at` (`deleted_at`)
) ENGINE=InnoDB AUTO_INCREMENT=5 DEFAULT CHARSET=utf8mb4;
/*!40101 SET character_set_client = @saved_cs_client */;

--
-- Dumping data for table `settings`
--

LOCK TABLES `settings` WRITE;
/*!40000 ALTER TABLE `settings` DISABLE KEYS */;
INSERT INTO `settings` VALUES (1,'2020-04-02 13:25:11','2020-04-02 13:25:11',NULL,'Linkedin','https://linkedin.com','','text','linkedin'),(2,'2020-04-02 13:25:11','2020-04-02 13:25:11',NULL,'Twitter','http://twitter.com','','text','twitter'),(3,'2020-04-02 13:25:11','2020-04-02 13:25:11',NULL,'Facebook','http://facebook.com','','text','facebook'),(4,'2020-04-02 13:25:11','2020-04-02 13:25:11',NULL,'Youtube','http://youtube.com','','text','youtube');
/*!40000 ALTER TABLE `settings` ENABLE KEYS */;
UNLOCK TABLES;

--
-- Table structure for table `statuses`
--

DROP TABLE IF EXISTS `statuses`;
/*!40101 SET @saved_cs_client     = @@character_set_client */;
/*!40101 SET character_set_client = utf8 */;
CREATE TABLE `statuses` (
  `id` int(10) unsigned NOT NULL AUTO_INCREMENT,
  `created_at` datetime DEFAULT NULL,
  `updated_at` datetime DEFAULT NULL,
  `deleted_at` datetime DEFAULT NULL,
  `noun` varchar(50) DEFAULT NULL,
  `verb` varchar(50) DEFAULT NULL,
  `slug` varchar(50) DEFAULT NULL,
  `module_name` varchar(50) DEFAULT NULL,
  `count` int(11) DEFAULT NULL,
  PRIMARY KEY (`id`),
  KEY `idx_statuses_deleted_at` (`deleted_at`)
) ENGINE=InnoDB AUTO_INCREMENT=27 DEFAULT CHARSET=utf8mb4;
/*!40101 SET character_set_client = @saved_cs_client */;

--
-- Dumping data for table `statuses`
--

LOCK TABLES `statuses` WRITE;
/*!40000 ALTER TABLE `statuses` DISABLE KEYS */;
INSERT INTO `statuses` VALUES (1,'2020-04-02 13:25:07','2020-04-02 13:25:07',NULL,'all','all','all_pages','pages',5),(2,'2020-04-02 13:25:07','2020-04-02 13:25:07',NULL,'activate','activate','activate_pages','pages',5),(3,'2020-04-02 13:25:07','2020-04-02 13:25:07',NULL,'deactivate','deactivate','deactivate_pages','pages',0),(4,'2020-04-02 13:25:07','2020-04-02 13:25:07',NULL,'trash','trash','trash_pages','pages',0),(5,'2020-04-02 13:25:07','2020-04-02 13:25:07',NULL,'all','all','all_permission_groups','permission_groups',10),(6,'2020-04-02 13:25:07','2020-04-02 13:25:07',NULL,'activate','activate','activate_permission_groups','permission_groups',10),(7,'2020-04-02 13:25:07','2020-04-02 13:25:07',NULL,'deactivate','deactivate','deactivate_permission_groups','permission_groups',0),(8,'2020-04-02 13:25:07','2020-04-02 13:25:07',NULL,'trash','trash','trash_permission_groups','permission_groups',0),(9,'2020-04-02 13:25:07','2020-04-02 13:25:07',NULL,'all','all','all_settings','settings',4),(10,'2020-04-02 13:25:07','2020-04-02 13:25:07',NULL,'all','all','all_users','users',18),(11,'2020-04-02 13:25:07','2020-04-02 13:25:07',NULL,'activate','activate','activate_users','users',18),(12,'2020-04-02 13:25:07','2020-04-02 13:25:07',NULL,'deactivate','deactivate','deactivate_users','users',0),(13,'2020-04-02 13:25:07','2020-04-02 13:25:07',NULL,'trash','trash','trash_users','users',0),(14,'2020-04-02 13:25:07','2020-04-02 13:25:07',NULL,'block','block','block_users','users',0),(15,'2020-04-02 13:25:07','2020-04-02 13:25:07',NULL,'all','all','all_answers','answers',0),(16,'2020-04-02 13:25:07','2020-04-02 13:25:07',NULL,'activate','activate','activate_answers','answers',0),(17,'2020-04-02 13:25:07','2020-04-02 13:25:07',NULL,'deactivate','deactivate','deactivate_answers','answers',0),(18,'2020-04-02 13:25:07','2020-04-02 13:25:07',NULL,'trash','trash','trash_answers','answers',0),(19,'2020-04-02 13:25:07','2020-04-02 13:25:07',NULL,'all','all','all_categories','categories',10),(20,'2020-04-02 13:25:07','2020-04-02 13:25:07',NULL,'activate','activate','activate_categories','categories',10),(21,'2020-04-02 13:25:07','2020-04-02 13:25:07',NULL,'deactivate','deactivate','deactivate_categories','categories',0),(22,'2020-04-02 13:25:07','2020-04-02 13:25:07',NULL,'trash','trash','trash_categories','categories',0),(23,'2020-04-02 13:25:07','2020-04-02 13:25:07',NULL,'all','all','all_faqs','faqs',0),(24,'2020-04-02 13:25:07','2020-04-02 13:25:07',NULL,'activate','activate','activate_faqs','faqs',0),(25,'2020-04-02 13:25:07','2020-04-02 13:25:07',NULL,'deactivate','deactivate','deactivate_faqs','faqs',0),(26,'2020-04-02 13:25:07','2020-04-02 13:25:07',NULL,'trash','trash','trash_faqs','faqs',0);
/*!40000 ALTER TABLE `statuses` ENABLE KEYS */;
UNLOCK TABLES;

--
-- Table structure for table `users`
--

DROP TABLE IF EXISTS `users`;
/*!40101 SET @saved_cs_client     = @@character_set_client */;
/*!40101 SET character_set_client = utf8 */;
CREATE TABLE `users` (
  `id` int(10) unsigned NOT NULL AUTO_INCREMENT,
  `created_at` datetime DEFAULT NULL,
  `updated_at` datetime DEFAULT NULL,
  `deleted_at` datetime DEFAULT NULL,
  `name` varchar(50) DEFAULT NULL,
  `email` varchar(50) DEFAULT NULL,
  `permission_group_id` int(11) DEFAULT NULL,
  `password` varchar(255) DEFAULT NULL,
  `token` varchar(255) DEFAULT NULL,
  `status` varchar(20) DEFAULT NULL,
  PRIMARY KEY (`id`),
  UNIQUE KEY `uix_users_email` (`email`),
  KEY `idx_users_deleted_at` (`deleted_at`)
) ENGINE=InnoDB AUTO_INCREMENT=19 DEFAULT CHARSET=utf8mb4;
/*!40101 SET character_set_client = @saved_cs_client */;

--
-- Dumping data for table `users`
--

LOCK TABLES `users` WRITE;
/*!40000 ALTER TABLE `users` DISABLE KEYS */;
INSERT INTO `users` VALUES (1,'2020-04-02 13:25:08','2020-04-02 13:25:08',NULL,'Admin','admin@admin.com',2,'$2a$10$JtnDKXWDJWKqcCjqWRm4Ze6YsV19g3XuCcxlGJWArZdXQ2RVSj/RG','$2a$10$PVD8Iu0sLrojlg7mzjNsLu04zs.hFBnDpLPOGgJeX2nb7IE62kS42','activate'),(2,'2020-04-02 13:25:08','2020-04-02 13:25:08',NULL,'Admin','abeer@abeer.com',2,'$2a$10$A4QcqeDQwTnw6JapRS9fZOE0YRkYPPd8j2Jzx5Cs/4lewmtBxpJCS','$2a$10$cRMCRxL.2hydIOAjXo/1EuC7JSf/UiLPrEpAr0kVMto5FyaVwSXw.','activate'),(3,'2020-04-02 13:25:08','2020-04-02 13:25:08',NULL,'Admin','bassem@bassem.com',2,'$2a$10$ExYohyzFjKOSUS9eQJ1iteHj2mUeJxvMQ5RgXI12ItkvnwWiN0nQa','$2a$10$tTQfYQx/Ylb52P8kNp9lGe34J4rprkUvgZJK.q/9WvSvbc.BWEdx2','activate'),(4,'2020-04-02 13:25:08','2020-04-02 13:25:08',NULL,'Admin','radwa@radwa.com',2,'$2a$10$Fr9weBHYJT6Uo2FGsswS2uAxp5cLp539bC0wBBVbzqC4/8DDJGBo2','$2a$10$Ce1VoNQZKVcMdsVgcB0b/O4fb9XZbIjcavn3Xa5rKkkJiaHL9PfLK','activate'),(5,'2020-04-02 13:25:09','2020-04-02 13:25:09',NULL,'Admin','nasser@nasser.com',2,'$2a$10$XwspgyreedH5vh8uQ.WM3OruSXqYB6jmVB5ed4dtIA6U2q81guvie','$2a$10$NRO0SK.wLd03dP1v/3ZwUe1JtUP4ye.1/eDLglFvb.FmatjJNrobW','activate'),(6,'2020-04-02 13:25:09','2020-04-02 13:25:09',NULL,'Admin','hams@hams.com',2,'$2a$10$mSpgxDbrwrLzfMdaRdrN5e7eb5xG8okBbb4tA5hM9YQ5WiBp1ugw6','$2a$10$3/LrkkwzshQ38Z8RwEtuv.94MldAs8bzkDaS8UoXyjU5e3QY0n.ra','activate'),(7,'2020-04-02 13:25:09','2020-04-02 13:25:09',NULL,'Admin','adham@adham.com',2,'$2a$10$kR1/eC1.e9QhT74.4zy3WeezPPK6V57iGlL7NTV6moWis4VmT2QNq','$2a$10$fKSl5rgNatzxkpHcSIlcUePXc4OBTGZdH/WWg9lBFq8mXNDY5LEFC','activate'),(8,'2020-04-02 13:25:09','2020-04-02 13:25:09',NULL,'river','litzy_rutherford@roob.org',2,'$2a$10$TIb.7Ks4fjmlSh9QJ70c8u1Lw8AGiu2DCywjIJr.e0LvohpkW9uW6','$2a$10$x66a7.i2PH1x5L41UPtmLebea/0FHU4waxOyaprBjIQT.QBvvT8Uq','activate'),(9,'2020-04-02 13:25:09','2020-04-02 13:25:09',NULL,'pierce','alexander@kreiger.info',3,'$2a$10$XkLvD3KvU6tX40GIBDdSQ.90OM.hV5XovXmPLFIYhWSBFw5ARtpKq','$2a$10$r0eB0F0MJT7DxsE5WM9ywOyErgnv1ow10NIJgucsiWzljC3z2P2ui','activate'),(10,'2020-04-02 13:25:10','2020-04-02 13:25:10',NULL,'sincere.jacobi','edwina@mclaughlin.biz',3,'$2a$10$26F8ZzqthAibWgPrXIh9v.Slg0aB9NqupAsTzUtw00x3auTH8mm82','$2a$10$y30UfCAJ4qaBu2IacatD/OZpX1Wl8S/DEEP8l3VUSr3VmaNVdfv.a','activate'),(11,'2020-04-02 13:25:10','2020-04-02 13:25:10',NULL,'garrett','cassie@crooks.biz',3,'$2a$10$xp.ukDHg26tm6kRbTADOKOYeSPStai7dqgoVezVcwjtajYb0pYfm.','$2a$10$uWT.hAH06KYYhsJmJKFZlefrBMQlexmHGZhEDASgmQJm4tYQt6J1C','activate'),(12,'2020-04-02 13:25:10','2020-04-02 13:25:10',NULL,'lindsay.durgan','geraldine_rolfson@botsford.com',3,'$2a$10$FgnbLdXNi6gK0Yk6fqqcp.X1hjT/EPXNuLQ8rNB0zeURwz6xu3il6','$2a$10$awnsGPLoPG/FgDZHVQpQq.TjTIgeA8KXYCy89miSHane15F/.LY2O','activate'),(13,'2020-04-02 13:25:10','2020-04-02 13:25:10',NULL,'trevion.bosco','arvilla@kling.com',3,'$2a$10$yTXPkJAmQL3YKvrYinMneOLgjlpVt4tpXNNCfMOERQRe1Pjmcs.na','$2a$10$lnL21KG4w3yq2xU79ikgsOQ6vEiVfxz9JxtUBwtt3npe7dm43xse2','activate'),(14,'2020-04-02 13:25:10','2020-04-02 13:25:10',NULL,'janiya.rau','phyllis_pagac@pollich.name',3,'$2a$10$y8oivToVNlDulPpBP42ige1wXjgiweJCw3kUxmtGiVq4CPbbSyZAa','$2a$10$92t65Y/kKIID.fhW3pPXk.pEudyuZubiFzbUegpp3tNg89rZVJ0ty','activate'),(15,'2020-04-02 13:25:10','2020-04-02 13:25:10',NULL,'candace_fahey','merle@steuberflatley.name',3,'$2a$10$yP5C0d9Bg2fH8syp2vqiy.V9DQHxlRLdMtk0F3PULi9mVwxv4Caai','$2a$10$qemeIN7xwAVMHsnrbIK7Z.Q2/JEiMhm/SN/ZnVKuup9PjU9whkgwe','activate'),(16,'2020-04-02 13:25:11','2020-04-02 13:25:11',NULL,'damon.okon','sabrina_swaniawski@hegmann.org',3,'$2a$10$duo/wOXEffA0K999IdXSVO2qbfbRTjxPovGFSwGEZchEgtrKI2.ge','$2a$10$DRx6vlhm5SfTMyyGI.Z9oe8tXVZ3nQ1y0uy0dPbXcNGDTNKQDIhZy','activate'),(17,'2020-04-02 13:25:11','2020-04-02 13:25:11',NULL,'laurence','jackeline@kiehnmacejkovic.com',3,'$2a$10$u3ZLq/cvl7ZkYe0LWlNxdugFJUCRjLF7ie9HqlJDj0g3E4j10crxq','$2a$10$/XMe/zQAGvZieO/3mAnz6eGA8LRtmU4bNayJ8gBJze8R3PhL/BET.','activate'),(18,'2020-04-02 13:25:11','2020-04-02 13:25:11',NULL,'haylie','bette@daviswaters.org',3,'$2a$10$I9Jc6g.9Vxh/jrCLHT.D0OMls474BKHMlvXPjBs7UY1VfncVcAtO6','$2a$10$05pkyJWJS8CQy5XU1Uevzegy/.js3sZtPTPlrGCF1vt4GDC2u3dkq','activate');
/*!40000 ALTER TABLE `users` ENABLE KEYS */;
UNLOCK TABLES;
/*!40103 SET TIME_ZONE=@OLD_TIME_ZONE */;

/*!40101 SET SQL_MODE=@OLD_SQL_MODE */;
/*!40014 SET FOREIGN_KEY_CHECKS=@OLD_FOREIGN_KEY_CHECKS */;
/*!40014 SET UNIQUE_CHECKS=@OLD_UNIQUE_CHECKS */;
/*!40101 SET CHARACTER_SET_CLIENT=@OLD_CHARACTER_SET_CLIENT */;
/*!40101 SET CHARACTER_SET_RESULTS=@OLD_CHARACTER_SET_RESULTS */;
/*!40101 SET COLLATION_CONNECTION=@OLD_COLLATION_CONNECTION */;
/*!40111 SET SQL_NOTES=@OLD_SQL_NOTES */;

-- Dump completed on 2020-04-02 15:26:50
